player_id,first_name,last_name,email,game,phone_number,city,state,zipcode
1,Roger,Brown,mitchellamy@gmail.com,Soccer,001-084-344-9835x24141,East Christinaville,AZ,77278
2,Pamela,Griffin,wcaldwell@davis-walker.net,Basketball,+1-061-669-2737x8590,Millerburgh,VA,45338
3,Jeffery,Tapia,joshua59@gmail.com,Basketball,5235845803,Whitechester,AK,41296
4,Bill,Wilson,gabrielstewart@gmail.com,Baseball,109.589.2724x86502,Cunninghambury,NM,38252
5,Leah,Clark,cstanley@hotmail.com,Soccer,(933)623-2050x73147,Lake Amyport,VA,39682
6,Jeffrey,Hoover,davidjones@morgan-brown.biz,Soccer,001-787-173-4136,Travisport,VA,52311
7,Jason,Acevedo,xgriffin@gmail.com,Basketball,+1-847-633-4937x996,New Joshua,NJ,55166
8,Natalie,Jones,xwatts@yahoo.com,Tennis,+1-228-364-5476x749,Victorialand,RI,27421
9,Kevin,Ellis,gabriellelopez@smith-soto.org,Baseball,(121)316-4284x0840,Lake Melissa,CT,64038
10,Keith,Gutierrez,fordbelinda@brown.biz,Basketball,544-277-0922,South Calvin,AR,86471
11,Nicholas,Jones,gregory87@keller.biz,Baseball,001-259-891-7707x39197,Lake Laura,CA,25167
12,James,English,fbrown@gmail.com,Soccer,(164)888-7857x1514,New Waynefurt,AZ,37064
13,Jonathan,Johnson,jensenchristian@ross-romero.info,Soccer,722-149-8846,Nathanielbury,ME,59990
14,Christopher,Rivera,priceellen@hotmail.com,Tennis,085-204-1649,Lake Anthony,CA,62062
15,Stacey,Miller,vanessablack@hotmail.com,Soccer,001-244-430-4333,Ethantown,KS,86608
16,Karen,Delgado,dixonamy@hotmail.com,Soccer,6498280795,Christinetown,HI,40651
17,Amanda,Cook,smallbrandon@yahoo.com,Baseball,634-898-8429,North Shannon,IN,21305
18,Matthew,Goodman,rlynch@powell.com,Hockey,+1-783-635-8967x06168,Patrickbury,WI,82169
19,Kendra,Lawrence,huntangela@wright-fischer.com,Soccer,623.885.0328,Kimberlyshire,DC,15990
20,Stacey,Tate,donna41@hotmail.com,Tennis,+1-126-295-7652,Joeshire,OK,45734
21,Chris,Hall,stephenlevine@yahoo.com,Tennis,(738)722-6057x11176,Port Kevinborough,WI,89112
22,Andrew,Wright,carolyn68@hotmail.com,Basketball,(796)934-9831x81069,West Robert,CA,63531
23,Anthony,Mahoney,charles39@yahoo.com,Soccer,+1-487-466-9505,West Hannahberg,OK,69041
24,Leslie,Robinson,caroline39@miller.com,Hockey,001-595-677-7883x8620,Lisafort,SD,97140
25,Mario,Lawrence,timothy94@yahoo.com,Basketball,463.998.2864,Foxberg,KY,30063
26,Jennifer,Savage,regina01@hotmail.com,Soccer,053-801-6135x423,Carlsonborough,FL,72270
27,Andrew,Lucero,lisadawson@rose-white.com,Soccer,967.539.7592x0778,Riversfurt,TN,55078
28,Andrew,Chase,michael24@yahoo.com,Hockey,(858)516-8660x926,South Ericport,RI,81312
29,Elizabeth,Lee,deborahnguyen@dunn.org,Baseball,(200)667-3098,Jonathanfurt,MS,59313
30,Robert,Sanders,jenniferwheeler@gilmore.biz,Basketball,6028726958,Laurachester,OK,01854
31,Gina,Morgan,jmcdonald@gmail.com,Tennis,+1-263-774-3109x54518,Masonhaven,WA,10907
32,Daniel,Murphy,scampbell@gmail.com,Baseball,179.258.7659,North Mark,MD,75547
33,Kenneth,Howell,rblake@hotmail.com,Baseball,(944)546-9093x847,Obrienberg,NC,53435
34,Christopher,Clark,joseph67@savage.com,Tennis,+1-776-295-9935,Lake David,AK,56094
35,Tracy,Miller,brianna96@yahoo.com,Basketball,(094)772-8540x29369,North Travisborough,AK,73304
36,Mary,Ibarra,princejessica@mitchell.org,Basketball,001-682-413-1274x9623,West Bonnietown,AK,67769
37,Steven,Hart,daniel90@woodard.com,Basketball,406.276.1275x2150,Patriciaview,AK,09507
38,Shelby,Hopkins,lisasimmons@hotmail.com,Tennis,207-431-3983,New Jenniferchester,MT,62534
39,Julie,Allen,qmurphy@harris.info,Hockey,+1-535-934-7133x1504,North Briannaton,CO,78545
40,Willie,Miller,antoniogarcia@yahoo.com,Soccer,4284642066,Port Caitlinview,MA,93964
41,Paul,Lee,maxwell61@yahoo.com,Hockey,184-078-8116x8011,Lake Stephanie,CO,27997
42,James,Morris,jacobkeller@henderson-ruiz.org,Baseball,(955)392-9300x531,Jeantown,TX,07343
43,Madison,Caldwell,cestrada@gmail.com,Basketball,(926)243-7854x130,Lake Marystad,MO,93413
44,Maurice,Trujillo,jonathan99@jones-sellers.net,Hockey,+1-043-107-7799x366,South Elizabeth,AR,02999
45,Matthew,Murphy,robert60@smith-fitzgerald.biz,Hockey,001-322-536-7442,Lake Michaeltown,CO,95647
46,Darryl,Gonzalez,raybobby@grant-camacho.com,Tennis,753-475-8258,Ashleyburgh,MN,71339
47,Elizabeth,White,myersmichael@copeland.org,Baseball,(196)530-1075x517,East Marie,VT,12716
48,Lauren,Schwartz,marissa20@yahoo.com,Soccer,444.797.9109,West Ashley,DE,61395
49,Zachary,Hahn,phelpsalexandria@smith.com,Soccer,(654)218-1264x32970,Brianville,IN,95767
50,Kimberly,Smith,martinezrhonda@christensen-moore.com,Hockey,(840)768-6790x94579,Garzafort,CT,00587
51,Nicole,Alvarez,hartmancynthia@hotmail.com,Soccer,001-760-581-1264x11727,North Dylan,MA,50449
52,Ann,Aguilar,ztorres@shaw-sexton.com,Tennis,+1-338-620-2992x54804,Brewerville,DE,62533
53,Monica,Burns,cramirez@morgan-smith.info,Soccer,095-037-9248,Port Wanda,VA,45168
54,David,Hernandez,mckinneychloe@beck.com,Hockey,+1-388-660-3736x517,New Adamhaven,UT,19609
55,Mark,Richmond,kevin19@gmail.com,Basketball,+1-576-324-3192x0335,Frankville,WV,76309
56,Donna,Miller,heatherrobinson@gmail.com,Hockey,+1-429-210-4040,Poolebury,MO,42412
57,Teresa,Hicks,jack24@garza.net,Basketball,954.339.0745x73674,Marcusbury,CO,21559
58,Roger,Jones,lbrown@gmail.com,Basketball,(630)547-2356x66061,South Kristina,AL,67482
59,Eric,Rodriguez,johnsonrobert@jones.com,Hockey,662.737.1822x875,South Arthurville,KS,40535
60,John,Vasquez,ayerstimothy@ali.biz,Baseball,023.649.6933x646,East Christopher,LA,70161
61,April,Mendoza,ashleyhoffman@yahoo.com,Baseball,904.064.0772,Nelsonville,NM,22979
62,Megan,Scott,jamesromero@hess.com,Hockey,894.473.1798x37694,Terryfurt,IN,69516
63,Elaine,Montoya,kayla49@hotmail.com,Baseball,001-448-849-0484,Calebfort,MO,30197
64,Adrian,Fields,arthur20@hotmail.com,Tennis,001-287-104-3628x51737,New Hannah,NV,03762
65,William,Frank,westanthony@yahoo.com,Hockey,092-838-0583x6629,Port Jessicastad,KS,45103
66,Leslie,Harmon,dsmith@gmail.com,Baseball,250.236.4014,Marquezhaven,OK,08902
67,Shannon,Wright,harpersteven@gmail.com,Tennis,794-095-7243x5199,Jonesborough,MD,56323
68,Felicia,Baker,sheila76@henderson-owens.com,Tennis,447-710-9914x27094,West Jean,AK,30811
69,Kimberly,Rhodes,leblancmiranda@noble.net,Basketball,730.777.6656,Smithfort,OR,66474
70,Maria,Sanchez,jordan81@yahoo.com,Baseball,001-508-120-2877x6805,Sextontown,AR,99077
71,Danielle,Gentry,xbarnett@hotmail.com,Baseball,001-258-043-4056x385,Johnburgh,GA,31325
72,Mallory,Weber,qrogers@yahoo.com,Soccer,+1-924-486-4072x877,Johnmouth,RI,90402
73,Anthony,Phillips,robert33@hotmail.com,Soccer,195-167-6249x259,East Danielfort,MN,36587
74,Jennifer,Morales,emily08@gmail.com,Soccer,+1-691-057-7292,Yatesborough,KS,79146
75,Johnny,Hanson,wmorgan@martin.com,Baseball,001-521-055-4496x48361,South Laurie,IA,73443
76,Steven,Gonzalez,macdonaldlaura@hudson-harris.biz,Basketball,1522312789,South Caroline,WY,42675
77,Jessica,Carter,wpatterson@johnson.info,Soccer,8568590943,Port Curtis,WY,50650
78,April,Morris,katelyn77@gmail.com,Hockey,+1-090-925-2127x02830,Debramouth,WA,29641
79,Christopher,Rivera,porterrebecca@dean.org,Soccer,(416)651-3366,Barneston,NJ,54007
80,Kristin,Wood,peter79@yahoo.com,Baseball,(090)326-8151,Jenniferhaven,RI,09716
81,Anita,Lowe,sthompson@smith.com,Tennis,965.947.5355,Port Hollymouth,ME,53527
82,Jay,Thornton,tammy90@reed.com,Baseball,305-158-5090x8335,Markland,ME,70836
83,Shari,Poole,vdavis@yahoo.com,Basketball,001-157-619-8735x4182,West Janetown,NM,94054
84,Heather,Carr,sotobrenda@hotmail.com,Hockey,723-541-0625,East Yvonnemouth,ND,18871
85,Regina,Perez,gregorybrown@gmail.com,Soccer,001-690-3077x059,Moontown,GA,78682
86,Laura,Ballard,amandawilkinson@gmail.com,Tennis,521.513.6771x31143,Evanstown,KS,35437
87,Fred,Cole,fergusonrandall@yahoo.com,Basketball,002-481-6671x7118,Lake Thomasberg,KY,05972
88,Eric,King,herickson@yahoo.com,Basketball,(893)916-6989x8228,Port Hannahside,KY,79398
89,Kevin,Edwards,sjames@yahoo.com,Tennis,+1-880-109-8789x45890,Port Heather,ND,72171
90,Dana,Turner,tonywallace@gmail.com,Baseball,096.078.4191x93812,South Jodychester,DC,08202
91,Joshua,Hughes,cyoung@rice.com,Basketball,007-851-5779x1445,Aliceburgh,WY,22847
92,Anthony,Wiggins,margaret21@campbell.com,Tennis,830.041.4790,New Justinside,DE,62334
93,David,Kim,jonesdaniel@silva.com,Soccer,811.583.4532x956,Clineborough,KY,76767
94,Gabriel,Reeves,carolynbowers@gmail.com,Basketball,307-198-9421x20800,South Lisaborough,TN,82543
95,Jason,Weaver,donaldjones@reed.com,Baseball,001-298-059-5465x24930,North Yvette,LA,68930
96,Tiffany,Murray,austinyvette@gmail.com,Soccer,001-816-175-6966,Davisbury,OR,92294
97,Jenna,Hill,rowesteven@yahoo.com,Hockey,112.217.9538x2741,East Tinaville,RI,56632
98,Tammy,Knight,tyler09@davenport.org,Basketball,(025)668-0073x4841,Jessicamouth,NH,12261
99,Ryan,Williams,marksfrank@suarez.com,Basketball,125.614.4937x97872,Rowlandside,MT,92876
100,Heidi,Moore,rmay@yahoo.com,Tennis,+1-129-744-1189x071,Morrisport,AK,04672
101,Michael,Burns,uharrison@hotmail.com,Basketball,337-798-1150x817,Port Josephstad,NM,74982
102,Andrew,Smith,brandon29@gmail.com,Basketball,001-487-271-7225x68446,Jackfurt,CT,79055
103,Lacey,Thomas,zsimon@gmail.com,Baseball,4630262178,Mathewsburgh,IN,65158
104,Sierra,Davis,dharrington@pugh.com,Baseball,001-933-884-3172x854,Michaelchester,LA,49230
105,Eric,Jackson,vdoyle@yahoo.com,Hockey,(260)150-9167x81243,Williamville,ND,49545
106,Kimberly,Alvarez,lloydchristine@hotmail.com,Tennis,(287)858-4188x4541,North Kimberly,WA,89158
107,Kimberly,Wood,emendez@hall.net,Baseball,+1-725-962-3490x903,New Erikview,TN,46578
108,Jeffrey,Nelson,tammywilliams@montgomery.biz,Baseball,(161)683-2460x634,West Adam,VA,92448
109,Joshua,Vasquez,kimberly74@yahoo.com,Tennis,305.058.8538,Toddberg,NC,22601
110,Michael,West,kelly90@mendez.info,Basketball,026.042.2509,Taylorside,MT,62242
111,Patricia,Calhoun,nvalenzuela@hotmail.com,Soccer,964.059.9499x2000,Port Debraside,RI,81257
112,Rachel,Warren,lisagarcia@bell-johnson.com,Baseball,032-717-2494,Port Taylor,KY,71020
113,Nathan,Ward,benjamin54@hotmail.com,Basketball,(517)717-4846,South Brandon,UT,48841
114,Jerry,Baker,oneal@hotmail.com,Baseball,001-387-443-0474x4946,New Christopherside,NJ,46650
115,Tyler,Rogers,vharris@yahoo.com,Baseball,+1-034-111-4203,Carolynfort,NY,72462
116,Richard,Cook,connie16@scott.com,Hockey,+1-473-942-3285x08637,New Melissa,WY,65654
117,Kristen,Kennedy,hcohen@gmail.com,Basketball,001-504-834-0022x2660,Lake Joseph,MI,77439
118,James,Martin,dgomez@yahoo.com,Hockey,(083)667-9002x092,West Davidberg,NC,54413
119,Natalie,Smith,reidbrenda@hotmail.com,Basketball,001-808-766-4530x2891,South Alecshire,IN,66479
120,John,Rose,jenniferarnold@yahoo.com,Soccer,+1-903-193-9921x850,Zhangburgh,ID,88825
121,Savannah,Price,joshuaharris@yahoo.com,Tennis,+1-298-265-6727x4125,New Lesliemouth,MO,59806
122,Corey,Matthews,charles24@cobb-arroyo.com,Baseball,(415)691-6806x58224,East Danielle,OR,40348
123,Brian,Garrison,rodriguezchristopher@armstrong.net,Hockey,001-789-410-9789x24437,Port Ariel,SD,31897
124,Laurie,Lopez,darrellwilson@hotmail.com,Baseball,655-908-1534,South David,NE,69339
125,Amanda,Garcia,smithjohn@hotmail.com,Basketball,334.316.6519,Atkinsonland,OH,22198
126,Jacqueline,Alexander,annalittle@brennan.net,Basketball,736.646.8155,Youngchester,WV,93115
127,Nicole,Hampton,larrytaylor@hotmail.com,Basketball,4454645687,Jeromefort,LA,21334
128,Christopher,Hayes,nicole34@vaughn-boone.net,Soccer,932.002.4177,North Dean,OK,73282
129,Tony,Nichols,blarson@griffith-cook.com,Basketball,124-163-5737,Tiffanychester,TN,61146
130,Molly,Galloway,omiller@hotmail.com,Basketball,+1-940-661-5408x15439,South Tarashire,WA,19229
131,Sean,Waller,jjoseph@martinez-ayers.com,Basketball,(563)354-9476x758,New Jeffery,WY,99421
132,Michael,Edwards,dawngiles@yahoo.com,Baseball,+1-233-789-5883x2709,Patelmouth,MS,73654
133,Brittney,Collier,hansenkelli@gmail.com,Soccer,6980522246,Lake Philipville,AL,97666
134,John,Patrick,briannacortez@yahoo.com,Hockey,069-776-2954,Lake Bryanland,IN,46957
135,Dawn,Harris,keithvasquez@yahoo.com,Baseball,001-207-799-9623,Lake Kathy,FL,58953
136,Kathryn,Johns,hcastillo@mitchell.biz,Baseball,386-789-0115x74134,Jennifermouth,KS,58552
137,Darrell,Bautista,blankenshipjeremy@johnson.org,Baseball,001-807-059-9205x0020,Dunnfurt,VT,30610
138,Paul,Figueroa,cameroncarrie@hotmail.com,Hockey,816.590.4603x9323,Jenniferstad,NC,71929
139,Karen,Russell,contrerasmary@higgins.biz,Soccer,+1-834-186-9611x74015,North Ginamouth,TN,41857
140,Nancy,Beard,tholland@armstrong.com,Hockey,(315)858-5487,Ginaport,UT,21078
141,Krystal,Cordova,christopher24@kramer.com,Baseball,802.956.0835,Lake Alexis,MA,05641
142,Kristen,Lee,sotoamy@hughes.com,Hockey,001-095-782-2606,South Michaelton,RI,10942
143,Patricia,Nunez,jdeleon@gmail.com,Basketball,(351)397-8064,North Donald,ME,83300
144,Jonathan,Logan,ypollard@yahoo.com,Baseball,5891392578,Ericachester,IA,86163
145,Patricia,Flores,mmeyer@williams.net,Baseball,+1-253-619-7627,Barbaraton,IN,82198
146,Jose,Gaines,soniabrown@jacobs-barnes.com,Baseball,562-926-9689x342,Josephchester,FL,67285
147,Patrick,Watson,thomas02@vega-morris.com,Baseball,+1-059-286-4411x0277,Jesseburgh,KY,15960
148,Thomas,Mayer,amanda75@fleming.com,Baseball,001-400-096-3162x606,Port Johnville,VT,69904
149,Heather,Pitts,heidiherrera@gmail.com,Hockey,9655930251,Taylorville,AK,46051
150,Jill,Thomas,ryanewing@silva.com,Basketball,957-833-5336,Bryanville,AZ,24977
151,Kyle,Jordan,jennifermaynard@dorsey.com,Hockey,(017)380-0513x709,Williamton,NH,61078
152,Douglas,Mann,douglas06@mckenzie.com,Baseball,(571)174-2870x4627,Turnerland,MN,24477
153,Julia,Hernandez,nicholas26@rowe.com,Tennis,713-075-8799x5303,Denisemouth,WI,16755
154,Jennifer,Payne,shortashley@hotmail.com,Basketball,001-966-732-4865x3972,Denisetown,IN,54288
155,Kimberly,Taylor,mjones@delgado-howard.biz,Tennis,001-087-942-8454x8223,Diazborough,NM,43586
156,Linda,Webster,joanhenderson@jones.com,Tennis,154-061-8183x138,Port Joannaburgh,OH,91395
157,Desiree,Michael,dkelly@hotmail.com,Hockey,001-895-020-3549x9064,Jonesburgh,OK,17085
158,David,Avila,paulvasquez@gmail.com,Basketball,001-676-585-6066x68658,Port Crystal,MA,79967
159,Danielle,Roberts,joann90@lopez.com,Hockey,(644)287-7504x85801,Lake Kevinchester,AR,15306
160,Susan,Dawson,jflores@hotmail.com,Soccer,572.451.0689x203,West Kristinaport,IN,84822
161,Terri,Taylor,erik53@spencer.biz,Soccer,(484)600-7583x264,East Robertfurt,AL,15846
162,Denise,Foster,tyleraustin@hotmail.com,Hockey,+1-426-399-4073x16998,East Tracystad,NV,17082
163,William,Martinez,sfrye@gmail.com,Hockey,+1-421-264-8474x057,Hollandborough,OH,13175
164,Stephanie,Porter,emaxwell@huynh-mclaughlin.com,Hockey,(404)001-9440x6924,Lake Christian,WY,70368
165,Brenda,Thornton,charlesbird@hogan-rogers.net,Baseball,001-203-548-1974x02230,New Thomas,NM,38929
166,Alan,Wagner,ohernandez@hotmail.com,Hockey,001-961-082-7137,Nicoleside,GA,67377
167,Kelly,Boyd,brandon68@kent-sutton.info,Hockey,001-555-108-3597,West Heatherville,OK,66291
168,Robert,Jones,rcoleman@gmail.com,Soccer,442.113.2520x3386,Melissatown,WY,31574
169,Thomas,Carroll,kconrad@gmail.com,Soccer,001-811-397-2587,Lake Garyton,IL,19907
170,Christopher,Russell,ystanton@hall.com,Baseball,8422382097,Leonardshire,FL,24795
171,Michael,Dixon,lisaryan@yahoo.com,Hockey,3175686076,North Carlos,DE,06873
172,Hannah,Mccormick,megan61@yahoo.com,Hockey,+1-094-505-6373x83720,West Melissaville,OR,52517
173,Richard,Mills,kimberly31@gmail.com,Soccer,118-103-6244x08001,North Christopherfort,TN,73092
174,April,Gonzalez,torresdonald@yahoo.com,Baseball,+1-936-772-4398x28015,Charlesview,MT,25431
175,Rebecca,Baker,frank93@dennis.com,Soccer,205.060.0157,Greenbury,GA,93764
176,John,Ayers,campbellsteve@hotmail.com,Hockey,(904)071-9087x0292,Krystalbury,TX,21990
177,Kenneth,Tanner,jsmith@yahoo.com,Basketball,(591)322-0224,Maryside,VT,36852
178,Lisa,Diaz,mbrooks@yahoo.com,Baseball,001-604-627-6033x7628,Thomaschester,MI,79915
179,Nathaniel,Meyer,uparker@yahoo.com,Baseball,446.803.5539,Lake Michealhaven,IN,01071
180,Brian,Barber,ymartinez@hotmail.com,Hockey,534-274-1710,South Matthewberg,TN,45685
181,Manuel,Jones,aliciaprice@medina.com,Basketball,963.177.8364x4192,Port Melissafort,OH,31224
182,John,Boyd,smithbriana@gmail.com,Tennis,(661)096-6586x1280,West Latoyaton,SC,37963
183,Brett,Trujillo,mwaters@gmail.com,Basketball,0373138554,Matthewborough,SC,04738
184,Lindsay,Romero,fuenteswilliam@rose.info,Tennis,+1-810-956-7419x661,Leonardstad,NJ,50809
185,Michael,Hopkins,nathangarrett@hotmail.com,Tennis,+1-893-325-5306x6497,New Kevinfurt,WV,61308
186,Sandra,Fowler,nathanwise@hudson.info,Basketball,533.290.9455,Kylefurt,NV,84535
187,Beth,Collins,sullivanrobert@wong.com,Baseball,521-202-7637x9853,East Markside,OR,54771
188,Heather,Murphy,michelledouglas@smith-rios.info,Tennis,182-622-2258,Baileystad,DE,30589
189,Jerry,Larsen,tanya20@yahoo.com,Soccer,082.599.2170,New Brittany,ME,57592
190,Kyle,Meyers,maldonadobrad@king.com,Basketball,001-761-314-9540x204,New Karla,MD,38082
191,Ricky,Bates,vcowan@smith.org,Basketball,992.909.0229x84978,North Madisonside,RI,25219
192,Anthony,Johnson,michellereyes@hotmail.com,Hockey,5762372812,New Kathleenberg,MT,45930
193,Isaac,Hopkins,smithjessica@gmail.com,Soccer,166-080-0693x66086,East Jack,LA,29206
194,Matthew,Miller,donnachavez@welch.biz,Tennis,001-982-839-5211x356,Mendezstad,VT,23989
195,Colton,Webster,fperkins@yahoo.com,Tennis,(739)802-5941,Juliehaven,NM,52716
196,Maria,Alvarez,ortegalauren@gmail.com,Tennis,+1-757-838-9311x352,Estradaville,MA,91447
197,Debra,Johnson,danielle81@gmail.com,Basketball,+1-503-553-4447x3538,South Steven,OK,45912
198,Vincent,Johnson,fwalker@hotmail.com,Baseball,(632)214-4670x252,Nixonton,TN,43211
199,David,Carter,zballard@gmail.com,Basketball,6350744356,New Victortown,MD,95622
200,Craig,Hill,bbradley@allen-watts.org,Tennis,+1-512-769-9144x88163,East Lauren,SD,28914
201,Bonnie,Higgins,jaime19@hotmail.com,Baseball,(448)312-9716x476,Blevinston,FL,81549
202,Chad,Griffin,christopher71@gmail.com,Tennis,872.870.6287x80296,Maryville,NC,94289
203,April,Riley,crystal14@hotmail.com,Basketball,(010)182-3688x59652,South Jeremiah,ID,13543
204,Adrian,Mitchell,stevenstroy@griffin-mcdonald.com,Hockey,127-030-2273x9052,Peterhaven,VT,13857
205,Caitlyn,Clark,sandra90@yahoo.com,Soccer,+1-325-888-4327x76056,Colemanport,SC,57637
206,Laura,Macias,owright@yahoo.com,Hockey,001-726-387-5967x861,Michelleville,ID,70907
207,Timothy,Sanchez,regina29@valentine.net,Soccer,001-749-129-9622x719,Lake Melinda,IL,37395
208,Alfred,Hammond,cooperbrittany@yahoo.com,Soccer,408-542-4453x9325,New Leroyberg,ND,73702
209,Jennifer,Beltran,katherine62@brown.com,Tennis,(987)775-0267,New Ryanside,FL,06685
210,David,Fox,alicia85@hotmail.com,Soccer,841.743.0399,Colemanfurt,CA,00634
211,Michael,Tate,pbrown@hotmail.com,Basketball,+1-029-450-6339x248,New Wendy,NY,04471
212,Kathleen,Huff,phuang@miller.com,Basketball,(193)490-8611,Zacharyborough,RI,39997
213,Pamela,Webb,pnguyen@mckee-oneill.info,Basketball,+1-299-560-9244x63734,Kimmouth,OR,46686
214,Patrick,Arnold,bdavis@gmail.com,Soccer,001-336-111-6107x9374,Lake Travis,WY,61940
215,Erica,Black,tmendoza@gmail.com,Basketball,(015)442-9025x61671,Port Racheltown,AK,69954
216,Elizabeth,Price,ronald52@hotmail.com,Tennis,001-825-607-4691x684,Laurenmouth,NH,81740
217,Jamie,Andrade,uscott@jackson-johnson.com,Basketball,297-534-9569,Port David,FL,28562
218,Maxwell,Kelly,ann32@johnson-oliver.info,Soccer,+1-027-494-9466x319,Valdezberg,GA,95435
219,Margaret,Hicks,bsmith@wilkerson-horn.com,Soccer,625.573.3067,Griffinbury,WA,09959
220,Kyle,Barnes,phillipsbrandi@yahoo.com,Basketball,008.784.8225,Courtneyton,MO,42317
221,Heather,Cruz,anne83@gmail.com,Soccer,(525)498-3273,Greenville,NJ,95761
222,Brian,House,sanchezedward@robinson.com,Baseball,6624051655,Port Katherineville,SC,35911
223,Christine,Brown,oholmes@yahoo.com,Baseball,(577)585-3941,Barrettshire,LA,76164
224,Brent,Butler,michael92@blanchard.com,Basketball,967-553-5522x24211,Shawmouth,WY,37422
225,Heather,Henderson,landrews@powers-lawrence.com,Tennis,+1-059-574-5561x57319,New Gina,GA,12105
226,Anthony,Hicks,lisa43@gmail.com,Baseball,6767543999,Perkinschester,KY,39413
227,Gary,Mason,wilkinsonbrandon@yahoo.com,Baseball,675.557.9546,New Anthony,CT,05228
228,Jeffrey,Kelly,parkeramanda@osborn.com,Baseball,(226)676-2651x957,Yorkmouth,IA,34675
229,James,Stanley,alanbrown@flores.com,Hockey,+1-397-608-4158x106,Coxmouth,MS,85838
230,Albert,Mcpherson,lowerodney@gmail.com,Soccer,+1-120-491-7718x1867,New Herbert,NH,14758
231,Christopher,Patterson,mooredawn@gmail.com,Hockey,958-307-5631x5846,East Daniel,MN,65108
232,Natalie,Allen,robertthompson@yahoo.com,Baseball,965.885.4026,Michaelbury,IL,87371
233,Lisa,Clark,burkekurt@smith-chen.org,Basketball,001-770-987-8890x5582,West Donald,OH,67439
234,Michael,Guzman,reynoldsjesse@yahoo.com,Hockey,629-414-5535,East Jason,KY,60299
235,Michael,Carrillo,robert38@smith.com,Hockey,717-663-4836x7299,Wilsonfort,OH,35615
236,Kelly,Gonzalez,allenjulian@delgado.biz,Basketball,001-243-237-0938x95708,New Charleschester,DE,61382
237,Suzanne,Li,doliver@hotmail.com,Tennis,862.598.2650,Lake Thomas,NV,25947
238,Rebecca,Sanders,evanscalvin@ellis.net,Hockey,001-785-507-7326x3311,Shaneland,MO,10900
239,David,Brewer,kevin66@taylor-wright.com,Baseball,(980)058-4096,Lake Vincent,ID,74970
240,Bobby,Wall,johnsonruben@thompson.biz,Tennis,380-926-1685,Lauraland,PA,45830
241,Kevin,Johnson,odonnellkaren@young.info,Hockey,052-447-8222,Frankville,MN,64835
242,Alex,Zimmerman,linda21@brooks.biz,Baseball,(066)199-9525x86435,Sandersside,ID,73779
243,Stephanie,Johnson,timothy42@hotmail.com,Baseball,(827)632-7189,New Debbiefurt,OR,89335
244,Jessica,Dennis,lindseymendoza@peters.com,Basketball,+1-124-433-7549x08850,Lucasview,NM,77896
245,Kimberly,Mcmahon,jenniferatkins@hotmail.com,Hockey,274.693.8500x1373,Samanthaport,OH,00939
246,Heidi,Shea,jacksonamy@hotmail.com,Hockey,7611283180,Williamsborough,ID,61207
247,Mario,Ballard,usmith@hammond.com,Soccer,721.643.7847x97472,Brennanland,IL,35295
248,David,Taylor,rhondablack@yahoo.com,Baseball,(111)286-6272x442,Norrisberg,NV,78166
249,Mitchell,Holmes,lcline@mills.com,Hockey,001-734-039-3880,Nancyview,MI,35421
250,Justin,Olson,morgankathleen@abbott.com,Basketball,476.839.3362,Lake John,AZ,17615
251,Katherine,Davis,josephpage@yahoo.com,Soccer,(850)126-8096,Mcmillanmouth,AK,55060
252,Desiree,Garrett,maddoxashley@hotmail.com,Baseball,001-628-819-7333x012,Port Dylanchester,DC,01364
253,Tyler,Martinez,jamiewilliams@rodriguez.com,Hockey,3012864519,South Jacob,NV,58742
254,Cory,Shaw,qpowers@hotmail.com,Baseball,+1-188-606-4886x2755,Port Juliemouth,CA,06648
255,Jason,Green,brocklaura@gomez.com,Basketball,887.984.1439x36202,New Mariamouth,HI,79426
256,Nathaniel,Olsen,qkirby@alexander.com,Soccer,001-021-457-7338,Fisherburgh,SC,35604
257,Cynthia,Anderson,matthewcampbell@franklin-cantu.com,Hockey,731.683.7066x1422,East Daniel,KY,49318
258,Brandy,Atkins,oconnormicheal@banks-montes.com,Hockey,620-738-8799x1128,Howardchester,NH,59366
259,John,Lewis,bbaker@townsend-ayala.com,Soccer,641-196-1102,Lake Jasminechester,TX,52490
260,Leah,Rogers,elizabethpayne@gmail.com,Baseball,7103020396,Curtisview,AK,57094
261,Robert,Hall,jamie44@yahoo.com,Tennis,(873)584-0526x57187,Jeremyview,TX,02569
262,Jessica,Wright,greg72@smith.org,Baseball,+1-610-138-0554x114,Taylortown,DE,49605
263,Lisa,Mclaughlin,cooperjoshua@gmail.com,Baseball,392.869.3317x28928,Jeffersonshire,MO,01450
264,Jessica,Roberts,kaiserbrandon@house.org,Basketball,802.775.9944x496,East Sean,NH,66703
265,Tyler,Conner,stanleyjessica@gmail.com,Baseball,7820802098,South Anthony,KY,93846
266,Kurt,Jefferson,smartinez@yahoo.com,Basketball,(280)913-4413,West Ericaside,NY,96771
267,Daniel,Padilla,wharmon@gmail.com,Hockey,001-141-262-1853x777,Johnnyburgh,NV,86316
268,Heather,Medina,gonzalesfelicia@yahoo.com,Hockey,+1-836-113-4088x756,Mistyhaven,FL,74888
269,Rebecca,Crane,harteric@yahoo.com,Tennis,294-777-7643x7706,Christopherfurt,CT,26032
270,Laurie,Williams,raymondwelch@ray-watkins.biz,Basketball,001-779-497-8931,Timothyhaven,AR,79604
271,Patrick,David,tyleraguilar@williams.info,Soccer,+1-865-965-6271x036,Davidsonmouth,SD,36895
272,Cindy,Wu,joelwilliams@porter-hanson.com,Soccer,3381880723,North Jeremyberg,KY,40237
273,Kristin,Stephens,lisa47@stone.info,Basketball,001-973-016-9501x367,West Alexander,FL,54771
274,Bobby,Wilson,meagan38@gmail.com,Soccer,329-401-6377x36230,East Angela,GA,19698
275,Wanda,Kelley,handrade@hotmail.com,Tennis,(845)318-1392,Madisonside,UT,93492
276,Kristen,Thomas,llowery@hotmail.com,Hockey,6795745772,West Julie,DC,86783
277,Sarah,Miller,bonniejoseph@gilbert-ruiz.com,Soccer,604.727.3287,South Jeffrey,VA,97230
278,Jennifer,Garcia,denise43@nolan-reid.com,Tennis,(598)011-0728x96493,North Margaretchester,NM,91662
279,Jack,Hinton,brianhood@hoover.com,Baseball,066.445.7410x280,East Angela,NC,16785
280,Diana,Lawrence,meghan18@vargas.com,Soccer,(793)262-1984x1147,East Karinatown,MT,16549
281,Holly,Williams,wschmidt@hicks.com,Soccer,6949172574,Lake Abigail,NJ,62579
282,Kenneth,Page,vmorales@yahoo.com,Basketball,(656)941-9747,Gloriachester,ND,84737
283,Sarah,Cordova,jason70@aguirre.info,Hockey,150-842-8012,South Jeannemouth,NH,28522
284,Jessica,Jensen,heather74@hotmail.com,Basketball,+1-697-204-7924x740,West Anne,WA,39046
285,Tracy,Ferguson,lthompson@hotmail.com,Basketball,650.456.2300,Port Kristen,WV,77553
286,Lawrence,King,jenna08@gmail.com,Hockey,(474)664-3597x3932,West Hannah,MT,41715
287,John,Velez,abrooks@yahoo.com,Soccer,782.891.4956x634,East Michael,MN,87024
288,Robert,Sweeney,joseph74@hotmail.com,Baseball,3107653084,Webbton,CA,98429
289,Spencer,Stone,aaron73@yahoo.com,Soccer,279-060-5641,Darrenchester,UT,22361
290,Charles,Liu,wesleybarnett@yahoo.com,Baseball,(704)877-3981x237,Briantown,MI,84311
291,Shelley,Washington,davidday@yahoo.com,Basketball,4363331518,North Bethland,DC,66503
292,Stephanie,Guerra,williambrown@hernandez.com,Tennis,612.342.8604,Port Elijah,HI,14180
293,Laura,White,greg89@gmail.com,Soccer,621-136-8070,Lloydfurt,MN,43043
294,Donald,Luna,christopher56@gmail.com,Basketball,8149210523,Kaisermouth,ID,40959
295,Danny,Hernandez,beltranjennifer@yahoo.com,Baseball,920-572-7669,East Shaun,HI,63680
296,Steven,Kemp,srobinson@dickerson-carlson.com,Tennis,+1-540-626-8712x197,West Bradley,OH,36002
297,Steven,Small,rallison@barajas.info,Soccer,363-428-1477x5465,West Tonyashire,IA,46331
298,Dana,Jones,russellbranch@brown.net,Hockey,+1-874-043-3603x4753,North Raymond,AZ,02331
299,Karen,Gonzalez,balljoshua@hotmail.com,Soccer,(470)002-7127,Albertchester,TN,40829
300,Anne,Jones,timothyrichmond@hotmail.com,Soccer,665.069.5314x46741,West Carlos,MI,76085
301,Kevin,Rodriguez,alexissmith@hotmail.com,Baseball,+1-853-963-7373x1486,East Theresa,IN,51311
302,Elizabeth,Gonzalez,jmyers@gmail.com,Soccer,001-837-470-6804,Lake William,FL,62458
303,Katelyn,Mcdowell,fmartin@hotmail.com,Basketball,7735422199,Port Susanmouth,LA,66797
304,James,Leach,gibsonvictoria@williams-moreno.com,Tennis,492.036.0353x4163,Port Sheri,WY,79458
305,Teresa,Pineda,victoriadavis@williams.com,Basketball,+1-505-487-7614x5241,Maldonadotown,WV,61742
306,Rebecca,Castillo,williamdavis@yahoo.com,Soccer,+1-829-807-9615x0048,North Heather,KY,35945
307,John,Klein,riveracody@yahoo.com,Hockey,(874)167-8733x62725,Port Ryan,MS,09496
308,Jane,Moore,rodgersjohn@yahoo.com,Baseball,3867530993,Carolinestad,KY,04186
309,Mckenzie,Quinn,noah62@salazar.com,Basketball,(910)772-7381x696,Lake Jim,TX,04380
310,Mary,Anderson,carla47@nelson.biz,Tennis,988-257-2804x034,Port Jennifermouth,OH,25634
311,Daniel,Wilson,anthonyruiz@hotmail.com,Hockey,001-169-828-6740x909,East Melissaview,IN,08619
312,Megan,Webb,greenjohn@hotmail.com,Hockey,(297)743-1910,Sheilaton,TX,77950
313,James,Williams,markdominguez@yahoo.com,Basketball,941.744.4900x2214,Millsfort,WI,52898
314,Tina,Ashley,ldavenport@sanders.biz,Basketball,800.291.9198x648,Lake Marthaberg,HI,59318
315,Crystal,Robles,sandrabridges@yahoo.com,Tennis,(689)363-0721x31023,Lake Briantown,FL,75558
316,Patrick,Stone,alyssaklein@yoder.com,Soccer,(262)034-0550x63515,Melanieview,DC,45194
317,Paula,Thompson,vserrano@hotmail.com,Tennis,515.205.1891x02911,Sheilaport,VA,41189
318,Roger,Smith,cmartin@taylor-guerra.net,Baseball,+1-954-995-5982,Jordanfort,RI,90939
319,Marco,Walton,ngates@yahoo.com,Hockey,9931942136,Port Brianport,CA,86525
320,James,Knight,crobinson@lawrence.com,Tennis,+1-215-151-5434x15139,Stanleyburgh,RI,24230
321,Gloria,Williams,tsmith@cole.org,Basketball,581-866-9078,West Raymond,MN,98130
322,Brittany,Freeman,mark10@payne.org,Baseball,954-714-0623,Port Michael,OK,97848
323,Kimberly,Smith,dgonzalez@hotmail.com,Baseball,184-647-9464x706,Leonardfort,MA,65439
324,Lisa,Rodriguez,william49@gmail.com,Tennis,989.387.5462x067,Katherineton,NH,84158
325,Janet,Smith,laura97@hotmail.com,Hockey,(701)144-1899x3889,Montgomerystad,DE,07879
326,Jason,Williams,seth88@pratt.com,Soccer,(128)223-7045,Lake Carlosport,IN,90293
327,Elizabeth,Ramirez,alanespinoza@hotmail.com,Hockey,(063)757-6976,Rossfort,NJ,53477
328,Jeanette,Ortiz,john30@gmail.com,Hockey,067-521-1414x1534,Lawsonburgh,MS,23631
329,Julie,Mack,angelaparrish@foster.com,Tennis,(636)076-0270x0827,West Timothy,MI,02421
330,Elizabeth,Mills,garyadams@simpson.net,Tennis,+1-389-072-0165x5316,Chelseaton,ME,43530
331,Taylor,Friedman,ijackson@gmail.com,Hockey,993-147-9784,Josefurt,VA,27751
332,Melissa,Ingram,lewisrachel@woods-vaughn.org,Hockey,856-297-3225,Lake Randy,AK,93791
333,Philip,Reid,stokesleah@phillips.com,Soccer,+1-822-454-0896,North Brendaberg,DC,82149
334,Andrea,Lopez,carl04@hotmail.com,Tennis,866.164.9357,Aprilmouth,MD,49873
335,Megan,Padilla,vguerrero@yahoo.com,Baseball,072.018.1846,Port Corychester,CO,71583
336,Krista,Willis,gilbertlee@bailey.com,Baseball,6697066823,Jenniferstad,FL,58346
337,Thomas,Miller,brittanyduffy@yahoo.com,Soccer,951.541.4040x556,West Emmafurt,MI,26719
338,Matthew,Walker,nancybrewer@hotmail.com,Hockey,803.497.2262x758,Matthewfort,FL,97429
339,Jared,Burton,egraham@gmail.com,Basketball,(201)717-9336x726,East Michelle,AL,33463
340,Megan,Willis,lorraine64@lin-dalton.org,Tennis,124.959.0741,New Natasha,ME,97928
341,Keith,Medina,vdavidson@espinoza-gillespie.biz,Tennis,(104)228-1956x3344,Mortonport,NH,32054
342,Susan,Hanson,jpadilla@hotmail.com,Basketball,5211519213,Lake Eric,WI,24759
343,Savannah,Garner,amywilliams@gmail.com,Hockey,6166320932,West Paul,NC,55873
344,Mark,Jones,hartteresa@steele.com,Baseball,165-707-0575x03179,West Danielfort,NC,06919
345,Lisa,Green,karen37@lewis-castro.biz,Hockey,001-569-821-7623,Hurstburgh,TX,68380
346,Eric,Hunter,phillip65@hotmail.com,Tennis,001-695-514-9203x97435,Michelleport,NV,18246
347,Tyler,May,wwiley@lane-briggs.org,Tennis,777.796.9511x97989,West Loristad,NV,20581
348,Tamara,Rose,rortega@hotmail.com,Hockey,265.995.2977x6127,New Randallchester,IL,06563
349,Laura,Young,sabrinasmith@gmail.com,Tennis,+1-665-639-0609x6734,Morrisonside,MA,26597
350,Douglas,Ortiz,leahraymond@hotmail.com,Basketball,(369)621-6579,Josephstad,NE,71160
351,Michele,Green,vgoodman@burns.com,Hockey,8530136873,Port Stephaniemouth,DC,61094
352,Stephanie,Ingram,pricesusan@brewer-miranda.com,Soccer,+1-046-023-1124x3570,North Michaelside,TN,20864
353,Sheri,Chung,baileyheather@yahoo.com,Soccer,(978)533-7876,East Mary,AK,10637
354,Rebecca,Peters,mario91@mills.net,Tennis,185-089-7785,Lake Thomasmouth,MS,03335
355,David,Anderson,owenstracy@yahoo.com,Tennis,001-992-364-0711x901,Port Andreaville,OR,05085
356,Scott,Parker,warren29@yahoo.com,Hockey,533.290.7572,Lake Anne,PA,12846
357,Katherine,Steele,donaldfuller@yahoo.com,Baseball,001-430-993-1138x247,Port James,KS,84479
358,Peter,Grant,gibbsjames@hotmail.com,Soccer,9511831601,Joshuafurt,UT,84504
359,Heather,Evans,wongmarcus@gmail.com,Soccer,(804)935-7271,North Amber,MI,54261
360,Jerry,Martinez,cgarcia@campos.com,Baseball,+1-150-493-3927x178,West Williamville,TN,39585
361,Brian,Hartman,oking@gibson.com,Soccer,001-715-860-5290x1297,Thomasborough,ND,39757
362,Scott,Carter,bfoster@gmail.com,Basketball,524.690.6245x9961,Mallorychester,WV,23230
363,Kristin,Mason,ramirezcharles@yahoo.com,Baseball,001-092-399-5237x57754,Jasonville,WV,33919
364,Garrett,Gross,sarah19@yahoo.com,Baseball,(776)385-9286x930,Deanstad,WI,59464
365,Melissa,Williams,victoriakeller@gmail.com,Hockey,3046294566,South Adriennehaven,WV,71740
366,Michael,Morales,kstanley@mcgee-byrd.org,Soccer,861-777-7861,Lambertberg,VA,43896
367,Sara,Brown,martinsamantha@patrick.com,Hockey,001-917-275-5274x7004,East Jessicahaven,OK,24396
368,Kimberly,Crawford,jody63@lee-ponce.com,Soccer,+1-253-352-5730x4745,North Jordan,MA,74008
369,Nicole,Hall,srodriguez@adams.com,Baseball,(875)030-4821,Ashleychester,MS,24618
370,David,Aguilar,connerashley@carr-mclaughlin.com,Basketball,470-342-2325,East Alexis,TN,53392
371,Connor,Spencer,ian31@shaw.com,Soccer,(513)167-0720,Port Elijahview,CO,96905
372,Martin,Powell,hbates@shaffer.com,Basketball,(975)194-0070x767,Lake Kathrynstad,WV,41125
373,Tyrone,Cooper,boydlisa@hotmail.com,Soccer,+1-249-449-0769x3707,Rosstown,RI,44719
374,Allison,Nixon,phood@yahoo.com,Soccer,266-012-8121,New Jeremy,WY,18475
375,Joseph,Butler,orrchad@gmail.com,Soccer,+1-728-443-3408x060,South Carolyn,TN,30914
376,Roger,Flynn,teresamckee@banks.biz,Basketball,6813878379,Roystad,NV,38820
377,Samantha,Sheppard,laura20@hotmail.com,Baseball,(114)867-2544,Mirandafort,WA,02549
378,William,Smith,hpitts@yahoo.com,Hockey,252-710-8522,Robertaburgh,ID,57718
379,Jenna,Perez,boydwilliam@yahoo.com,Soccer,(230)166-0363x762,East Michelleborough,KS,46945
380,David,Frazier,jessica13@graham.info,Soccer,507.955.6192x8391,New Scott,NY,36935
381,Chad,Hansen,jordanchristopher@hotmail.com,Tennis,001-404-461-2063x5193,Dillonmouth,ND,48562
382,Benjamin,Myers,dixonjulie@hotmail.com,Basketball,001-680-409-4675x321,Michaelton,MA,47240
383,Joseph,Berger,michael99@hill-tucker.com,Hockey,664-382-6022x90094,New Stephaniemouth,HI,61530
384,Juan,Crawford,john41@allen.biz,Hockey,001-936-317-3442,South Kylefurt,KY,14192
385,Mindy,Davis,mark26@gmail.com,Basketball,001-136-083-0254,West Michael,HI,28099
386,Daniel,Walker,jonesmatthew@adams-levine.info,Soccer,(009)961-8497x01718,New Michael,ID,85953
387,Scott,Graves,leslie23@hotmail.com,Soccer,(044)622-3737,Lake Willie,AR,50240
388,David,Thomas,hturner@morse-crawford.com,Tennis,001-487-224-9299,Lynchmouth,NC,17797
389,Sarah,Cannon,kimcampbell@mcclure.com,Baseball,943-058-2273,Port Kristyview,TN,76995
390,Anthony,Cooper,silvamark@jones.com,Tennis,093.155.5722,Hamiltonland,UT,52390
391,Scott,Herman,nkennedy@herrera.org,Baseball,+1-485-288-9349x78490,Lake Jimmyland,IL,92237
392,Jill,Bailey,michael09@huang.com,Soccer,(101)530-1992,South Perrymouth,CA,74994
393,Henry,Mullins,amanda56@yahoo.com,Baseball,(228)047-0951x350,New Jason,NV,34647
394,Gabriel,Smith,emilymcbride@yahoo.com,Soccer,976.823.2046x829,Jimenezchester,RI,93684
395,Sandra,Weaver,johnny13@yahoo.com,Tennis,001-142-567-8591x3802,Gallagherville,WV,04751
396,Timothy,Conway,rjohnson@martinez.com,Hockey,6469517431,Danatown,NM,51355
397,Alexis,Johnson,jmartin@rivera.com,Tennis,531-752-0897x248,Catherinefurt,NH,65726
398,Karen,Wallace,bscott@kramer.com,Basketball,466-985-9298x61349,South Richard,AK,27444
399,Joseph,Collins,martinezedward@hotmail.com,Hockey,466-857-4525,New Jessica,CA,11414
400,Dawn,Roberts,krussell@boone.com,Tennis,+1-490-205-8064,North Marioville,ME,19767
401,Danielle,Calderon,urobertson@gmail.com,Soccer,001-608-561-3622x512,Danielfort,CO,83636
402,David,Hartman,ashleejones@gomez.net,Baseball,121.835.6097x956,South Timothyton,MS,20785
403,Aaron,Reed,ewalls@gmail.com,Soccer,+1-649-271-1876x250,Taylorborough,FL,85726
404,Emily,Mcclure,perezgeorge@perez.net,Tennis,(263)335-8091x1174,South Markburgh,NV,08858
405,Michael,Bradley,stevenbaker@hall-brown.biz,Tennis,587-069-5485x1287,North Kathryn,WA,30806
406,Thomas,Atkinson,zacharyreynolds@hotmail.com,Baseball,804.433.4594,Richardsonchester,NY,87358
407,Ashley,Harris,kurtwagner@clark.com,Hockey,(815)171-3598,Brownview,IL,52770
408,Deanna,Jones,cevans@yahoo.com,Baseball,001-181-261-5256x165,Jimenezland,SD,92269
409,Jeffrey,Barrett,jfletcher@hotmail.com,Baseball,(141)708-9756x61989,Mcgrathburgh,MT,68760
410,Natalie,Strong,stokessarah@bennett.com,Soccer,(645)363-0645x61278,Chapmanmouth,OR,10514
411,Brandon,Ford,leejamie@stewart.com,Hockey,(821)882-9439x00519,Bellbury,NY,79776
412,Ryan,Davenport,deborah58@osborne.com,Soccer,148-223-1168,Boltonbury,ND,89384
413,Misty,Reed,heathersmith@hotmail.com,Basketball,(507)907-1199x5036,Landryland,VA,19680
414,Donald,Robbins,chambersbrian@hotmail.com,Baseball,577-877-7871,East Justinport,UT,75808
415,Calvin,Maxwell,michellerodriguez@wade-ross.com,Soccer,(901)526-2063,Yangmouth,MS,06959
416,Alexa,James,michelle48@smith.com,Tennis,3271687989,Belindatown,NH,19332
417,Connor,Casey,wlandry@walker-peters.com,Hockey,5624145801,Smithfort,UT,06247
418,Nicholas,Thomas,rcarter@golden-cisneros.net,Baseball,+1-653-346-6730x1743,Willieville,CO,74282
419,Gina,Reed,ryanaustin@yahoo.com,Hockey,544.477.4856x35985,South Brenda,VA,10753
420,Juan,Wheeler,clayallen@gmail.com,Tennis,+1-524-689-7855,East Heather,VT,36250
421,Rose,Murphy,ross27@gmail.com,Soccer,+1-356-754-1259x0671,Farmerstad,WV,33437
422,Jason,Vasquez,baldwinconnor@white.org,Tennis,001-723-137-2870x3250,East Brandonport,GA,72995
423,Caitlyn,Clark,zacharyzimmerman@johnson.com,Hockey,+1-422-954-4937x3044,Johnshire,FL,44347
424,Sandra,Hill,olsonmark@richards-pham.com,Soccer,001-497-721-5019x7286,Alyssahaven,RI,59476
425,Paul,Mccoy,eric53@yahoo.com,Baseball,2936340619,North Scottland,IN,60965
426,John,Suarez,william95@santana.net,Baseball,+1-067-786-6022x41617,New Meganton,MA,01661
427,Daniel,Banks,dphillips@harper.biz,Hockey,(440)356-2099x0203,Port Christopherville,MS,05332
428,Jeff,Parsons,geaton@hotmail.com,Tennis,(804)148-8284x48078,Longville,MO,35409
429,Alexandra,Fernandez,davisthomas@figueroa.com,Soccer,+1-323-185-9272,Sharonberg,NC,91978
430,Bryan,Harris,willissarah@johnson.com,Hockey,(453)065-3283,Port James,GA,11561
431,Meagan,Lee,juannorton@ramirez.info,Hockey,619-553-1126x70522,Howardside,OR,96918
432,Jacqueline,Reynolds,hmoore@gmail.com,Tennis,983-943-5252,Nicolasview,NC,73726
433,Benjamin,Kelly,jenkinsadriana@tate.com,Soccer,(571)533-0431x0027,New Jeremy,TN,04345
434,Rhonda,Ball,deborahstanley@murray.info,Baseball,(458)165-3417x2784,Simpsonborough,NM,27531
435,Justin,Robles,tina52@gmail.com,Soccer,+1-312-806-6412x2193,Sandovalstad,ID,44290
436,Steven,Turner,lambmatthew@lopez-ferguson.com,Tennis,0737047293,Boydborough,NM,57343
437,Kurt,Harris,michael94@yahoo.com,Hockey,+1-795-858-6878x3165,Michaelland,MO,83648
438,Jamie,Jarvis,clarence88@chapman.com,Basketball,(992)644-9520,South Jonathan,IA,59507
439,Melissa,Ayala,morriscarl@gmail.com,Tennis,(431)397-0682x8453,Mariachester,FL,07704
440,Cameron,Black,collinsnicole@wolfe.info,Hockey,001-067-608-4218x63829,Hansenshire,TX,92159
441,Sarah,Bennett,jonathan13@hotmail.com,Hockey,293-258-9666,Lake Wendy,MN,92379
442,David,Torres,westlori@chang.com,Tennis,001-135-433-9973x45291,Foxport,SC,12855
443,Terri,Warren,coffeywanda@hotmail.com,Baseball,5101134162,Lake Adamfort,NY,59417
444,Stephanie,Gay,robertwilson@reese.net,Tennis,+1-212-401-4083x74082,Port Teresaton,WI,70432
445,Michael,Payne,mbaldwin@yahoo.com,Soccer,218-308-7275x389,Anthonyhaven,MD,21346
446,Sheila,Chavez,suzannejensen@bradley-rose.com,Soccer,942-774-1081x764,New Julie,SD,85573
447,Kevin,Wood,qvazquez@gmail.com,Basketball,(943)851-6737,North Bridgetview,NY,65131
448,Justin,Kerr,gregory17@hotmail.com,Soccer,3530036310,East Erika,CA,59588
449,Eugene,Jacobs,zjones@hotmail.com,Baseball,+1-273-389-6860,Millershire,RI,62159
450,Kayla,White,harrisonbrian@wood.com,Basketball,447-281-6793,Port Matthew,NJ,76207
451,Samuel,Bender,edward51@anderson.net,Basketball,001-887-668-4943x950,North Jessica,CT,10298
452,Sonia,Singh,cford@gmail.com,Basketball,(315)152-7055,Jennifermouth,AZ,12836
453,Jeffrey,Green,andrewwatson@gmail.com,Tennis,0843495245,Lake Yolanda,NM,81320
454,Deanna,Sellers,amanda43@jackson-rose.net,Tennis,340-073-8432,East Jason,IN,86561
455,Travis,Rosales,douglascarlson@gmail.com,Baseball,0947670590,Amandamouth,AL,17159
456,William,Zimmerman,mrodriguez@wilson-page.biz,Basketball,303.421.8697,North Brenda,IA,91485
457,Erika,Patton,gmcdonald@gmail.com,Hockey,596-386-7753x02914,Jonesview,IL,50910
458,Kim,Miller,norrisalisha@gmail.com,Baseball,366.741.9111x331,Port Thomasstad,WV,69174
459,Tara,Kane,kennedykyle@yahoo.com,Tennis,+1-224-092-5513,Port Mauricemouth,AZ,71146
460,Danielle,Williams,dominic34@meyers.com,Baseball,+1-696-282-9065x35262,Vickieborough,OK,96115
461,Valerie,Jones,preston57@hotmail.com,Basketball,+1-556-373-9250x2966,Port Ashley,DC,56086
462,Cynthia,Hughes,esmith@gmail.com,Basketball,903.400.4332x206,East Amanda,KS,21762
463,Michele,Coleman,stephaniedavis@yahoo.com,Basketball,+1-258-533-3163x05190,New Williambury,MS,20245
464,William,Fowler,russell18@adams.info,Soccer,+1-408-259-0436x544,New Emilyland,PA,65503
465,Connie,Fields,olsenaustin@kim.info,Basketball,868-840-9338x58549,Taylortown,MN,57640
466,Traci,Rice,keithshelley@yahoo.com,Tennis,(909)854-1261x5764,Port Barbara,CT,25099
467,Colin,Lawrence,michael70@mullins-wright.com,Basketball,(741)201-2989,North Brittanytown,WV,99719
468,Sarah,Thomas,shawn68@yahoo.com,Basketball,612.400.8929x0338,East Kimberly,MA,22518
469,Ann,Yu,fball@gray.com,Baseball,001-567-653-8815x15051,Kyleside,CA,00817
470,Lisa,Kelly,xsmith@hopkins-cochran.biz,Tennis,142-534-7745x7064,Port Jesse,MO,53621
471,George,Holmes,tonywallace@blackwell-suarez.org,Baseball,001-643-496-1733x569,Port Jonathanton,WA,14708
472,John,Kelley,jacobwatson@gmail.com,Basketball,773.460.3977,North Emily,NC,22812
473,Megan,Conrad,morgansandra@webb.com,Basketball,(249)731-0191x1224,Wellston,NJ,82148
474,Rebecca,Reeves,dhancock@hotmail.com,Basketball,842-086-2415x69342,Lake Brenda,RI,56325
475,Victoria,Taylor,boyledominique@richardson.com,Baseball,(841)723-9495x037,Lake Tony,NC,52808
476,Christopher,Torres,gregory25@hamilton-fischer.com,Baseball,243.799.6363x11120,Starkmouth,FL,47112
477,Bobby,Taylor,gbaldwin@gmail.com,Baseball,219-810-8064,Skinnermouth,IL,14307
478,David,Perkins,ashleyramos@estrada-gibson.com,Baseball,2393554375,East Lindastad,MS,02703
479,Amy,Jones,nelsonmadeline@yahoo.com,Basketball,802.964.6100,New Monicashire,AR,94713
480,Kathy,Morris,christopher80@smith.com,Basketball,001-299-975-9136x323,Lynnborough,RI,48147
481,Alan,Wood,rodriguezjerry@carroll.org,Hockey,(099)537-8472,Lauramouth,KS,07613
482,Melissa,Duran,ericalevy@gmail.com,Baseball,+1-122-385-6595,Matthewfurt,NE,43677
483,Brad,Duke,joshuajohnson@moss.com,Soccer,190.589.7444,Wyattbury,VT,69147
484,Mark,Kerr,jonesmatthew@hobbs.com,Basketball,908-349-7660x4418,Sandersborough,VA,96678
485,Joshua,Ford,tina47@yahoo.com,Hockey,810-527-4835x89962,East Virginia,NM,28650
486,Sandra,Wells,emilymcgee@yahoo.com,Basketball,838-991-2405x51107,South Rebeccaburgh,HI,28445
487,Rose,Carroll,eheath@hotmail.com,Soccer,+1-622-119-3695x681,Phamfort,FL,46870
488,Angela,Ramirez,courtneyferguson@white-harris.biz,Basketball,001-597-387-7254x4816,East Markbury,NV,40725
489,Jonathon,Colon,peter18@mcdonald-mckinney.com,Baseball,001-603-720-5806x592,North Laura,NC,01295
490,Joseph,Ross,carlreed@diaz.biz,Baseball,(509)940-2752x4882,Jacobborough,NH,80117
491,Jennifer,Huber,carol19@gmail.com,Baseball,001-215-695-5990x16187,Paynefort,CA,65633
492,Elizabeth,Merritt,nicole33@gmail.com,Basketball,865.069.5326,Webbbury,DC,06760
493,Larry,Parker,allenleonard@yahoo.com,Tennis,+1-036-798-7614x67980,Alishashire,NV,89338
494,Kimberly,Young,weaveranthony@olson-baker.com,Basketball,719-265-5461,Michaelland,HI,89535
495,Zachary,Sandoval,adamjohnson@campbell.com,Hockey,334.142.9343x03317,Port Diane,TX,96162
496,Brandon,Mclaughlin,epineda@yahoo.com,Basketball,002.647.7120,Sandrachester,NH,02553
497,Stephanie,Curry,gardnermark@rivas.com,Basketball,001-073-180-8734x534,Lake Jared,MN,73236
498,Angela,Parks,jeffery53@yahoo.com,Baseball,403.791.8684x14279,Lake Tammy,NE,19480
499,Dorothy,Edwards,frankpayne@gmail.com,Baseball,001-902-475-9205x587,Lake Travisshire,PA,76557
500,Barbara,Waller,gregorymoore@hotmail.com,Soccer,599-684-0590x39891,Maryborough,CA,07049
501,Sean,Harrison,raymelinda@taylor.net,Basketball,361-028-9962,Port Kimberly,MS,59101
502,Diane,Sanchez,montoyajonathan@gmail.com,Hockey,(889)602-9023,North Deborah,KS,39945
503,Vicki,Morris,nguyenjanet@riley.com,Tennis,001-769-311-7720,Port Todd,TN,48371
504,Ryan,Williams,robertssara@cole.com,Baseball,+1-952-912-6990x4197,Mahoneyfurt,VT,52686
505,Joyce,Cook,jerrymorales@vasquez-kirk.com,Basketball,174.703.3233,Jessicaview,NE,30063
506,Mario,Tran,blakeparker@hotmail.com,Soccer,274.954.7993x4210,Nelsonmouth,MN,63442
507,Adrian,Ruiz,xthomas@jones.com,Hockey,(991)842-6982x75201,North Russell,KS,42118
508,John,Brown,edwardschristopher@yahoo.com,Tennis,7426210271,East Brendahaven,IA,50160
509,Robert,Henry,underwooddwayne@smith.com,Baseball,615.906.6436x94379,East Robertberg,ND,56805
510,Brandon,Young,tiffanyshaw@joyce.net,Baseball,247.769.6407,Ballfort,NH,50908
511,Ellen,Klein,adamwilliams@martinez.com,Tennis,617-994-1631,Robinchester,NH,52089
512,Jamie,Zavala,emilyblackwell@bryant.com,Tennis,+1-864-175-0424x3159,Joyceland,AK,51522
513,Preston,Mcintosh,bradleyscott@martin-forbes.com,Soccer,(749)973-9160x685,Robertport,UT,46122
514,Rachel,Dominguez,lammike@yahoo.com,Baseball,047.324.0343x09133,Johnsonside,AZ,15291
515,Robert,Wells,kramerchristina@gmail.com,Soccer,617.920.8936,Lake Elizabethside,KS,04166
516,Jason,Miller,hallheather@hotmail.com,Hockey,(241)494-5657x8828,North Cesarshire,UT,82858
517,Timothy,Murphy,sarahpatterson@hotmail.com,Baseball,905.072.0375,Wilsonfort,IL,39652
518,Susan,Evans,scottsanchez@yahoo.com,Hockey,072-624-3021,Debrastad,NH,51903
519,Curtis,Miller,jeanhardy@thomas-hart.org,Soccer,218-101-1952x79893,Lewisbury,WA,04142
520,Dean,Hawkins,goodsteven@gmail.com,Tennis,227.042.9607x7645,South Scott,NJ,83080
521,Daniel,Gibbs,nelsonkimberly@yahoo.com,Tennis,001-069-665-6574x9854,West Kevin,MO,76919
522,Alexandra,Stafford,franklinjonathan@lopez-ryan.biz,Soccer,(753)693-2306x181,Kennethhaven,KS,54110
523,Raymond,Davis,diane61@taylor.com,Basketball,+1-253-486-0679x813,Jenniferstad,TN,68264
524,John,Franklin,pjenkins@yahoo.com,Baseball,510.143.3424,Kennethtown,NH,60205
525,Jennifer,Trujillo,kmoore@hill.info,Tennis,+1-531-355-9507x8028,West Steven,CO,51169
526,Daniel,Johnson,cory75@yahoo.com,Baseball,251-947-2392x011,Jonesfort,MA,33202
527,Jillian,Case,samanthamclaughlin@miller-ochoa.com,Baseball,823-556-2130x0861,Mitchellhaven,CO,28806
528,April,George,andrew69@gmail.com,Tennis,888-698-2329x241,Susanton,FL,10699
529,Diane,Johnson,manuelbarber@malone.com,Soccer,7609026885,West Mark,SC,68278
530,Richard,Miranda,fking@yahoo.com,Tennis,015.013.9184x5707,South Johnny,IL,76580
531,Kimberly,Barrett,charles92@brown-moore.info,Hockey,802-247-0870x544,Port Sarafurt,TN,12064
532,Jesus,Beasley,annette97@molina.biz,Baseball,001-825-944-5016x679,Vanessachester,DE,99920
533,Karen,Rodriguez,lindseynicole@stewart-copeland.com,Baseball,680.450.1884,Carterville,GA,29094
534,Scott,Oliver,castillokimberly@nguyen.com,Tennis,(688)020-2399x58294,Edgarburgh,SC,60072
535,Richard,Martin,pbanks@lam.com,Soccer,001-837-124-7384x13392,Port Cathy,MO,14289
536,Douglas,Peck,dchapman@larsen-henry.net,Soccer,(798)416-5359,South Joseph,DC,56471
537,Brian,Johnson,morganrobert@gmail.com,Hockey,323-938-7033,East Tracyside,UT,63009
538,Andrea,Swanson,rachel78@allen.com,Basketball,680-562-9595x017,Rodriguezberg,MN,61895
539,Sandra,Jones,meyerlauren@gmail.com,Hockey,+1-037-923-9063,Blanchardfurt,NC,55290
540,Thomas,Walker,allenshirley@singh-schmidt.com,Hockey,(169)898-2892x58991,South Kristinview,TN,42339
541,Barbara,Reynolds,jilltaylor@hamilton.com,Hockey,702-293-3494x77061,Pattersonfurt,NJ,66868
542,Robyn,Harrison,djones@yahoo.com,Soccer,001-694-786-7079x1544,North Tiffanyland,VT,38535
543,Luis,Barnes,mileskim@gmail.com,Hockey,918-637-9870x07010,Deanstad,NE,60165
544,Cindy,Ballard,paul60@lopez.com,Hockey,402-677-8345,Markchester,CA,66017
545,Jeremy,Dunn,coxjames@mitchell.com,Hockey,044-281-7724,Kennedytown,ND,06107
546,Casey,Garcia,kathryn96@orozco-parsons.org,Tennis,831.478.8727,Gillespiefort,CT,30191
547,Christine,Rogers,mendozajonathan@ferrell-smith.com,Baseball,243.428.9073x5552,South Barbaraside,VT,19854
548,Stacy,Weber,jessicakelly@swanson-castillo.info,Basketball,585-933-0832,South Tiffanyfurt,MS,38497
549,Glenn,Carr,andrew90@white.com,Soccer,434.192.4603,West Kimborough,OK,05886
550,Monique,King,peterbrown@wagner.info,Soccer,630-599-1803x56598,Floresmouth,FL,35641
551,Shane,Ramsey,carlos14@yahoo.com,Tennis,(197)840-0102,North Benjaminburgh,AL,48234
552,Cory,Hayes,vsmith@gomez-rodriguez.com,Baseball,+1-276-245-1336x7935,Alexborough,MD,53088
553,Christina,Lopez,michaelmeyer@yahoo.com,Soccer,(043)580-3188x968,West Amandachester,NM,91683
554,Donna,Martin,jasmine97@davis.com,Soccer,(084)116-1936x650,East Kaitlyn,LA,21259
555,William,Osborn,ryanjones@taylor.com,Tennis,(349)647-6829x44732,Tylerberg,DE,10222
556,Heather,Malone,stephanie30@gordon.net,Hockey,6912844237,Millerview,IN,81419
557,Sheila,Banks,bblanchard@yahoo.com,Hockey,6931713414,Johnnyland,NJ,16187
558,Kimberly,Cortez,taylorgentry@gmail.com,Soccer,5302026386,New Shawn,NJ,05893
559,Leslie,Bryant,bakervanessa@gmail.com,Tennis,+1-903-994-9057x725,East Robin,VA,68057
560,James,Rogers,baileyannette@yahoo.com,Hockey,001-879-270-5218x17297,Lake Andreberg,DE,78970
561,Dominic,Carpenter,jacob33@hotmail.com,Hockey,(139)521-1801,South Ginaberg,NM,06422
562,Donna,Beck,iedwards@hotmail.com,Basketball,+1-066-977-5008x72772,New Danielville,DC,22312
563,Emily,Brooks,porterteresa@gmail.com,Soccer,(370)238-2147x6755,New Jason,MS,94973
564,Melissa,Garcia,gregory60@everett.com,Basketball,(484)478-2235x540,East Leahhaven,IA,27486
565,Cameron,Parker,dmiller@yahoo.com,Soccer,+1-374-328-0419,West Brittany,FL,69325
566,Steven,Nguyen,jason18@cooper.org,Baseball,629-376-1694x5315,Matthewville,WY,49471
567,Katelyn,Schroeder,cody79@hotmail.com,Soccer,(391)261-4783,Cartertown,RI,21762
568,Shawn,Salazar,kathy47@foster-holden.info,Soccer,754-624-9629x608,Cameronberg,OR,11232
569,Russell,Mayer,tammydavis@kaiser-ellis.com,Hockey,639-148-9151x97704,Lake Joditon,NC,29998
570,Matthew,Hubbard,walkerjohn@yahoo.com,Baseball,+1-732-146-7444x5664,Vazquezton,LA,51615
571,Lindsey,Ellis,david00@zhang-mckay.org,Tennis,001-385-362-8214x551,Wendymouth,MT,48919
572,Jeffrey,Melton,michaelsanchez@hotmail.com,Baseball,039.467.8715x0943,West Amyside,MO,62978
573,Bob,Gardner,jhall@russell-sharp.net,Tennis,340.984.2329,West Christinechester,NJ,40409
574,Deborah,Mccoy,ethan15@romero.org,Baseball,001-448-696-2442x442,Port William,RI,59757
575,Marc,Herman,christopher19@hotmail.com,Soccer,+1-525-953-9939,Jorgeside,WI,15864
576,Karen,Stein,xhardy@davis.com,Tennis,775.194.3597,Kleinshire,OK,79875
577,Sarah,Coleman,jessicawyatt@hotmail.com,Baseball,(925)887-3747x546,North Kimberlyside,AK,48354
578,David,Rush,newmandenise@oliver.com,Basketball,963.824.6573,West Wayneshire,VA,95908
579,Zachary,Villarreal,dunlapdeborah@rodriguez.com,Baseball,8354144350,North William,NY,04932
580,Jordan,Deleon,michael84@yahoo.com,Soccer,(166)562-1169,East Lisa,AZ,01341
581,Sarah,Mitchell,kcook@boyd.com,Baseball,489.128.1096,New Christophershire,NV,58440
582,Sherry,Duffy,vwagner@hotmail.com,Basketball,1656921606,Brenthaven,VA,33626
583,Jason,Bailey,david51@rich-riley.com,Baseball,+1-657-853-7719x1561,Port Patrick,MO,76953
584,Lindsey,Hensley,iwheeler@thomas.biz,Tennis,706-419-4618,Lake Julie,AK,23778
585,Stacy,Blanchard,tmclean@austin.biz,Basketball,001-815-506-7804,Thomasview,LA,83071
586,Michael,Johnston,traceydavis@gmail.com,Baseball,+1-783-406-7658x9108,East Lauramouth,MN,50104
587,Gregory,Sullivan,robinsonbryan@yahoo.com,Basketball,+1-653-836-5239,Brandiberg,WY,19566
588,Sandra,Nelson,ccurry@nash.com,Baseball,+1-009-299-9286x42454,North James,NM,70103
589,Jeffrey,Prince,tking@bennett-walter.org,Baseball,404-569-9653x925,New Cynthiaberg,MA,48703
590,Kristen,Miller,jmcdonald@garcia.com,Baseball,001-101-723-8558x28258,Olsenstad,SC,88589
591,Danielle,Giles,kevindelgado@day.info,Basketball,(623)437-0048,East Julia,KY,73592
592,Tracy,Lane,iharvey@aguilar.com,Soccer,785.611.7703x637,Port Kennethmouth,AK,43999
593,Bruce,Santos,boothlinda@perkins.com,Soccer,(471)900-4717,Rachelburgh,ME,61745
594,Samantha,Lang,hendersonerin@bowers-wilson.org,Tennis,681-560-1654x0454,Paulfurt,ID,49611
595,Cynthia,Sanders,iscott@owens-hernandez.net,Baseball,+1-559-671-5651,West Lucasfurt,CA,93691
596,William,Duncan,simmonssandra@hotmail.com,Hockey,001-741-640-0095,Port Justin,MI,59243
597,Anthony,Carlson,alison62@gmail.com,Hockey,+1-645-439-7172x38894,Thompsonfort,NE,88699
598,Sheri,Ho,rogerserik@hotmail.com,Tennis,+1-056-742-1489x345,Lake Sandraville,WY,99944
599,Tammy,Chambers,katie51@hotmail.com,Hockey,+1-117-379-4103x0458,Port Veronica,UT,54553
600,Jennifer,Davis,bpalmer@martinez.net,Basketball,491.600.5888x54729,Morrisonhaven,WV,81456
601,Jorge,Peterson,jennifermcmahon@ford.com,Hockey,871.027.9667,Scottton,NM,10292
602,Tammy,Williams,lauramoore@adams.biz,Tennis,001-823-044-3183x709,North Justinfurt,SC,82528
603,Julie,Williams,jaredharris@jones-johnson.com,Basketball,+1-965-166-4605x583,New Michael,MA,72316
604,Abigail,Wilson,jeffrey98@waters.com,Basketball,006.487.4929x213,Leemouth,KY,68739
605,Anthony,Carpenter,hubbardjoseph@walker.com,Basketball,853-734-4454x9825,Younghaven,VA,89237
606,Christopher,Johnson,salazarjose@garcia-perkins.net,Hockey,001-485-683-2974,South Jeffrey,CT,27801
607,Blake,Sparks,charles54@coleman-collins.com,Tennis,812-976-4174,New Stevenfort,WV,76256
608,Patricia,Salazar,qmiller@yahoo.com,Baseball,202-129-9282,New Normanland,PA,04924
609,Heather,Lynch,wattsbrandon@holden-zimmerman.net,Tennis,+1-577-831-3013x2010,Lake Michelleton,UT,20613
610,Jennifer,Burch,gallegosjeremy@burgess-rodgers.biz,Basketball,001-119-844-0516x514,Pughtown,OK,32655
611,Barbara,Powell,kevin59@yahoo.com,Tennis,667.996.0046x9051,Kevinmouth,GA,44708
612,Eric,Cook,batesabigail@hotmail.com,Baseball,030.322.8580,Bonillaview,OR,35944
613,Christopher,Christian,nsmith@gmail.com,Hockey,001-609-308-2047,Kingborough,MN,39435
614,Jamie,Contreras,melissa57@gmail.com,Baseball,+1-150-852-6556x1416,Port Matthewtown,VT,82242
615,Peter,Underwood,allenkrista@ellis.com,Hockey,341-295-7056x7967,Silvashire,ND,51690
616,Erica,Curtis,vsalinas@hotmail.com,Baseball,776.048.8896x7576,Haydentown,OR,35671
617,Jacqueline,Conley,roachjennifer@pham.com,Hockey,+1-826-054-1696x75440,North Brianmouth,MI,76891
618,Sarah,Ortega,tcain@hotmail.com,Tennis,234.484.5693x76505,Meganbury,CO,14569
619,Jorge,Green,kyle72@jones-smith.com,Tennis,648.563.6905x1587,Singhton,MO,80038
620,Christopher,Huffman,garrisonelizabeth@cooper-king.biz,Hockey,001-148-192-1248x892,East Robertbury,IL,09100
621,Jeremiah,Chan,xbond@myers.com,Baseball,002.310.9499x843,East Vanessa,MS,80631
622,Reginald,Ortega,gschmidt@hotmail.com,Soccer,609.337.3348,Johnsonstad,CO,20975
623,Jamie,Diaz,camachosusan@gmail.com,Soccer,7914455646,Kellychester,RI,76523
624,Nichole,Krause,jensenjonathan@cooper.com,Basketball,860.234.0425x8463,Lauramouth,MD,10813
625,Scott,Martinez,xbrown@gmail.com,Tennis,329-246-0951,North Christopherport,WY,18032
626,Frank,Torres,charles95@yahoo.com,Basketball,296.640.0573x77068,Lake Michael,ND,86937
627,Nicole,Mcgee,hernandezkimberly@hess-hopkins.org,Baseball,123-588-5410x5394,Martinton,WY,81436
628,Christopher,Reed,brooksleah@yahoo.com,Baseball,001-060-964-8078x5389,Perrychester,NV,25338
629,Chelsea,Jones,jerry00@atkinson.com,Soccer,001-660-733-9854x4152,Whiteside,IL,48294
630,Theresa,Stewart,parkcolleen@yahoo.com,Tennis,462-380-7951x5969,Holdenport,NJ,32888
631,Gary,Harper,david70@smith.com,Tennis,778.861.7213,West Mark,ID,23526
632,Michael,Hays,ramirezadrienne@henderson-jones.org,Tennis,093.432.6864x78001,South Elizabethberg,NH,93145
633,Edward,Guzman,jonesjasmine@gmail.com,Basketball,001-650-712-7254x1300,Bowenhaven,GA,68915
634,Kathleen,Pierce,nduarte@gmail.com,Hockey,788.493.5303x5907,Sandovalfort,ID,33138
635,Melinda,Johnson,jacob01@brown-johnson.com,Tennis,(305)998-4434x87952,Lake Michael,MS,83758
636,Rebecca,Diaz,jason76@evans.com,Soccer,311-497-6287,East Amy,TX,47777
637,Brian,Robinson,andrewherrera@gmail.com,Hockey,455.957.4576x566,Lindseyton,MN,71390
638,David,Leonard,williamstyler@gmail.com,Hockey,709.465.0498x86615,South Dominiqueview,FL,40660
639,Carolyn,Andersen,melissayang@gmail.com,Soccer,(054)065-0625,Sandersport,AR,27244
640,Shelly,Horn,jonathan09@gmail.com,Baseball,001-072-201-9538x58759,Heatherburgh,OR,72915
641,Monique,Mclaughlin,obest@gmail.com,Basketball,(066)131-1472,New Joshua,CO,69868
642,Brittany,Williams,emily86@rodriguez.com,Hockey,(159)844-9801,Kimberlymouth,CT,81016
643,Christie,Scott,miranda26@smith-pham.com,Hockey,058.925.4117x50322,North Annafort,MS,86679
644,April,Torres,nicolejones@decker.com,Hockey,+1-229-091-1127x75483,New Saraland,MT,87434
645,Andrea,Reed,kellyholmes@yahoo.com,Soccer,873.069.8649x1413,Hamptonland,DE,44464
646,Ryan,Haas,wdunn@morris-strickland.info,Basketball,(224)250-2217x94503,Lake Ashley,NC,88633
647,Denise,Lozano,daymonica@castro.com,Basketball,(242)226-9939x57718,Millerport,WI,92634
648,Sherri,Sanchez,ashleysalas@johnson-lindsey.com,Baseball,001-329-405-9596x28009,South Stevenland,LA,40991
649,Travis,Smith,eortega@yahoo.com,Basketball,033.200.6384x17035,Jenniferview,MA,10596
650,Samantha,King,bmanning@gordon.com,Tennis,287.677.1138,Allenbury,CT,51698
651,Bonnie,Scott,kaylanavarro@hotmail.com,Baseball,+1-808-037-2555x5292,Andersonbury,IN,81975
652,Ashley,Mason,lstuart@gmail.com,Basketball,+1-733-683-7478x2884,Lake Melissa,NC,54725
653,Mary,Kim,vanessa79@morgan.com,Basketball,(866)744-1091,Smithmouth,IA,84111
654,Gregory,Weaver,debragould@smith.com,Hockey,(214)228-3041,Lake Trevor,OK,63369
655,Virginia,Price,michael81@williams.net,Hockey,718.727.9774x64750,Port Miachester,NE,14513
656,Mike,Reed,andreacarter@jackson.info,Basketball,286-110-2352x42064,Mcmahonfort,KS,38032
657,Paul,Carter,michaelhanson@moore.info,Basketball,797-482-3979x100,Woodview,KY,38211
658,Angela,Woods,josephbarber@hotmail.com,Hockey,(399)629-1468x95162,North Kelly,TX,01638
659,John,Simmons,michaeldunlap@white-jones.com,Tennis,704.117.7070x79769,Lake Amy,CO,25410
660,Karen,Young,prowe@chavez.com,Hockey,+1-351-911-5035x487,Williamsfort,VT,06109
661,Harold,Mcdonald,geraldgibson@curtis.com,Baseball,173.355.1760,Bernardberg,WI,44684
662,Corey,Gonzales,kristen72@garcia.biz,Basketball,408.858.1188x6547,Meghanstad,VT,01144
663,Shannon,Thomas,haynesjoseph@hotmail.com,Hockey,492-567-4419,Martinezstad,WA,38854
664,Larry,Sanchez,edward37@gmail.com,Basketball,3444837946,New Wendyport,CO,04860
665,Henry,Morris,castanedarobert@hotmail.com,Tennis,(417)399-7880,North Rachael,TX,56596
666,Matthew,Orozco,kevinpayne@gmail.com,Soccer,001-058-742-6318x878,Daltontown,KS,88115
667,Jeffrey,Hill,sanderssamuel@gmail.com,Basketball,+1-530-032-8130x365,Michaelview,KY,78681
668,Ian,Mcknight,antonio81@diaz-hanson.com,Soccer,9762761213,Port Samantha,PA,70835
669,Charles,Cline,jeffreyguerra@gmail.com,Soccer,(938)376-6884x78991,Fosterchester,FL,71372
670,Louis,Manning,williamsgarrett@floyd-daniels.com,Baseball,952.044.4658x9141,Heathermouth,DC,76556
671,Ryan,Griffith,imorgan@gmail.com,Soccer,674-608-5293,North Judy,MI,22215
672,Thomas,Owens,eric27@warren-stephens.com,Tennis,+1-263-835-8346,Williamview,PA,46612
673,Leah,Marsh,loricase@yahoo.com,Hockey,485.278.0682x07164,Port Natalieview,LA,83267
674,Nichole,Powell,morrisjohn@conway.com,Soccer,(888)566-2519,Port Stacey,NY,13005
675,Alex,Anderson,ywise@yahoo.com,Hockey,568.554.2488,Brandonland,SD,74602
676,Meagan,Cunningham,harrisonchristopher@hotmail.com,Basketball,418-229-5281x95914,Lake Connorfurt,NV,48073
677,Meghan,Frazier,christopherlittle@oconnor.com,Soccer,(023)264-5648x247,Campbellstad,WI,77353
678,Amy,Jones,annebuckley@gmail.com,Basketball,531.179.9050,Robertsport,MD,87465
679,Laura,Barton,randy93@yahoo.com,Basketball,654.698.7570x4826,Port Valeriestad,MS,45979
680,Brian,Fowler,zgarcia@yahoo.com,Baseball,3126278479,South Harryburgh,DC,81628
681,Robert,Thompson,meyerandrew@hotmail.com,Hockey,(287)793-2000x025,Zavalastad,MO,49317
682,Jonathan,Fleming,jamesthomas@hotmail.com,Hockey,+1-378-070-5558x55752,Amandatown,MS,27330
683,Noah,Simmons,kimberlymoses@turner-white.biz,Basketball,341.005.4663,Christopherhaven,KY,86962
684,Nathan,Cook,derek53@martinez-miles.com,Basketball,001-718-073-2637x02918,North Gabriel,IA,24386
685,Jerry,Perry,imartin@gmail.com,Tennis,001-396-984-7581,Lake Briana,MN,89217
686,David,Gay,ajordan@gmail.com,Tennis,+1-003-608-1914x9211,South Sean,AK,34735
687,Paul,Bell,brian28@gmail.com,Soccer,+1-032-922-5562x0081,Mendezton,WA,62479
688,Sean,Wallace,jromero@yahoo.com,Baseball,(394)485-9655x7415,Katherinetown,DE,07483
689,Jennifer,Meyer,allisonproctor@davila-chavez.com,Hockey,503.796.6197x28448,Laurenshire,MN,27105
690,Amanda,Schaefer,justinreid@yahoo.com,Soccer,001-692-905-1959x7445,Biancafurt,MO,30118
691,John,Decker,ricky79@gmail.com,Basketball,7457489883,Scottville,SD,98760
692,Alyssa,Duncan,alexa82@gmail.com,Tennis,229-555-8352x19896,Cummingsshire,AR,45645
693,Timothy,Davenport,chenelijah@yahoo.com,Baseball,+1-779-731-8321x5420,Williamshire,NV,17189
694,Eric,Young,brownkim@reid.info,Tennis,+1-656-311-6002x5481,South Regina,WY,70832
695,Deborah,Thornton,gregorythompson@yahoo.com,Hockey,(465)186-2295x920,Port Rhonda,NC,17758
696,Drew,Garner,lindawall@lewis.biz,Soccer,393-639-4511x27849,North Kyle,RI,14027
697,Barbara,Cummings,cole08@avila.com,Tennis,(602)177-2133,Lake Elizabeth,TX,95534
698,Michael,Walsh,laceyward@hotmail.com,Soccer,191-858-1694x478,South Emilyside,MS,81885
699,Heather,Fields,cookhayley@gmail.com,Soccer,520.243.9522,Lake Ryan,CO,18778
700,Jeffrey,George,alan46@yahoo.com,Tennis,982.448.4834x478,Fordview,OR,49413
701,Mario,Garcia,kylemurray@lewis.com,Hockey,(321)763-9070x2495,Flynnview,PA,04101
702,Luis,Davenport,phillipacosta@douglas-brewer.net,Baseball,+1-937-610-5299x601,Fowlerland,DE,88595
703,Janice,Boyd,chamilton@gaines.info,Baseball,5169358545,Elizabethberg,OK,21702
704,Jose,Smith,danielbest@bauer.com,Basketball,+1-396-399-7394x267,Amandafurt,AR,34613
705,Nicole,Ruiz,newmanerica@yahoo.com,Basketball,001-401-375-9931x3603,Sherylport,RI,43869
706,Michael,Mendez,lisanorman@wiley.biz,Baseball,397-018-1121,Lake Alan,DC,61757
707,Tiffany,Jones,pgonzalez@gmail.com,Tennis,(638)395-5462x94919,West Coreyborough,UT,19795
708,David,Henderson,atkinsonsteven@hansen.com,Hockey,+1-785-041-8934,East Juanborough,CA,01076
709,Aaron,Ramirez,taylorstephen@ramos.com,Basketball,708.142.4075,Wrightside,SC,94208
710,Julie,Skinner,wendywilson@yahoo.com,Tennis,(181)222-4705x44457,Kellyside,NM,37482
711,Timothy,Goodwin,warekirk@yahoo.com,Tennis,(919)800-1211x09011,West William,CO,15498
712,Carmen,Gay,andrea95@gomez-houston.com,Baseball,+1-962-185-7832x4787,Karenview,KY,58616
713,Ashley,Lopez,laurensmith@williams.com,Basketball,001-085-015-3710x3563,Vancefort,NE,48443
714,Kent,Robinson,kimberlymartin@hotmail.com,Soccer,043-642-0634x288,Lake Allison,PA,81987
715,Dylan,Hart,tcalhoun@hotmail.com,Basketball,+1-497-784-9750x9208,South Rachelberg,NE,64893
716,Samantha,White,marie90@johnson.com,Tennis,626.571.3282,Schroedertown,ME,88359
717,Stacey,Brown,nancy29@hotmail.com,Basketball,001-745-872-5613,North Mitchelltown,NH,10816
718,Tyler,Cannon,bryan37@powell.info,Hockey,026.948.2534,New Jacqueline,ID,92473
719,Jeremy,Higgins,kathryn67@smith.org,Hockey,549.767.0044,Lake Ashleyborough,IA,02407
720,Maria,Hopkins,wwoodard@cole-martinez.com,Basketball,001-223-299-3470x2054,Patriciamouth,VA,90879
721,Michele,Baker,daviscarol@chang-jordan.com,Hockey,001-842-686-0874x4998,Robertchester,VT,34235
722,Ricky,Shepherd,wilkersonmichael@macdonald.com,Hockey,549.434.2501x778,North Kylietown,CT,15181
723,Kristen,Bell,susansmith@smith.com,Baseball,806.330.3337x49265,New Allison,NH,10765
724,Kelly,Singh,ian59@hotmail.com,Baseball,001-762-184-6343x037,South Gregory,TN,48340
725,Krystal,Williams,clarkcatherine@wang.net,Tennis,717-223-2623x069,Jasminechester,TN,96616
726,Faith,Richardson,hsmith@berry.biz,Baseball,048-300-9433,West Tamaraport,OK,52078
727,Belinda,Clark,stephaniehorn@rogers-patterson.com,Baseball,(519)015-0713x217,New Stephenchester,TX,45952
728,Belinda,Bishop,tammycantrell@white-mullins.biz,Tennis,591-498-9662,New Ronald,WV,62218
729,Linda,Barr,maryellis@yahoo.com,Soccer,157-264-1754,East Kristi,MO,93497
730,Christopher,Middleton,zbanks@yahoo.com,Hockey,299-024-7515x380,Lake Kylemouth,AL,13798
731,Wendy,Shaffer,cruzmiranda@perez.com,Basketball,6199532748,West Leslie,MO,74384
732,Jessica,Esparza,cheryl20@hotmail.com,Hockey,123.249.5410x5161,Pachecoburgh,OH,47395
733,Michael,Blackwell,tannerharrison@jenkins-cohen.com,Hockey,(417)662-4835,Leeberg,DC,68667
734,Natalie,Gray,cynthia69@lowery.com,Hockey,2152830286,North Kennethland,NC,79944
735,Debbie,Fitzgerald,marilynbryant@yahoo.com,Tennis,(704)483-9271x9157,Lake Amanda,OK,23367
736,Jared,Sanders,sophia57@hernandez.info,Hockey,(878)849-2273x184,South Hannahton,MT,98218
737,Wesley,Green,bbecker@alvarez.com,Hockey,+1-800-629-3969x68941,New Matthewchester,KS,16459
738,Erin,Mcdonald,kscott@rodriguez.com,Basketball,058-013-4216,West Emmabury,MD,36628
739,Julia,Salazar,traceyross@yahoo.com,Tennis,3935641351,Markshire,MI,55454
740,Ana,Duarte,lopezmatthew@yahoo.com,Tennis,001-653-312-3305,Michaelton,WI,38911
741,Christine,Martinez,colton98@hotmail.com,Tennis,(626)601-2093,Cooperborough,WA,13592
742,Anthony,Caldwell,ashleydalton@munoz-williams.com,Basketball,001-198-125-6295,West William,WI,68939
743,Rachael,Scott,kempkathy@yahoo.com,Tennis,756.300.8907x64222,East Ashley,SC,78089
744,Michael,Flores,brittany54@hotmail.com,Baseball,+1-167-866-4380x1009,Simpsonmouth,TX,75641
745,Jermaine,Vasquez,cassidy73@stanton.org,Tennis,(533)144-0822,Yuberg,WY,77389
746,Jessica,Smith,dharris@flores-nielsen.org,Baseball,001-937-051-2925,Mariahborough,IN,21326
747,Troy,Alvarez,harrisbrandon@hayden.biz,Basketball,6185034598,North Kristopherburgh,CO,18388
748,Lisa,King,richardlozano@garrett-ball.com,Basketball,001-540-887-0245x8763,Stevenchester,TN,55672
749,Nicholas,Ruiz,loriparker@hotmail.com,Baseball,+1-271-697-1885x66264,West Anthonyberg,MA,01035
750,Nicholas,Bowman,hamptonrobert@finley.info,Hockey,001-123-853-4205x81675,Amberton,MT,12403
751,Jonathan,Cruz,ellisbrian@gmail.com,Baseball,4104593810,Shaneborough,IA,50810
752,Kathryn,Williams,pwillis@dennis.com,Tennis,+1-156-599-7861x44630,Perezmouth,PA,73520
753,Keith,Roberts,wkeller@wilkins.info,Tennis,+1-230-849-8875,New Christopher,CT,77240
754,Scott,Burke,qmoore@yahoo.com,Basketball,530-020-0106x56191,New Andrea,AK,47777
755,Michelle,Holden,sheilabrooks@hotmail.com,Tennis,+1-342-199-3522x7401,New Aaronbury,AZ,66339
756,Donald,Frank,fmcgee@yahoo.com,Soccer,+1-827-435-8507,East Deborah,CA,95347
757,Mark,Burnett,gonzalezdouglas@yahoo.com,Soccer,767-238-9275,Barryport,NV,21971
758,Luke,Johnson,kevin60@lee.com,Soccer,001-202-028-8994x06381,Alyssastad,FL,39036
759,Brent,Fletcher,penadenise@gmail.com,Basketball,774.284.6186x0300,North James,DC,61793
760,Andrew,Ortega,melissa70@yahoo.com,Tennis,001-332-951-4315,South Ashlee,PA,86063
761,Christina,Tanner,csmith@schwartz.info,Basketball,001-882-524-4349x473,Bennetttown,UT,05754
762,Emily,Fox,suttonjohn@yahoo.com,Tennis,(319)468-7489,East Nicole,TN,38233
763,Zachary,Green,sobrien@kim.com,Tennis,001-649-076-9066x691,New Sarahstad,NM,46438
764,Jacob,Lucero,vnielsen@hotmail.com,Soccer,(491)844-0988x904,East Jayhaven,AK,15700
765,Rose,Evans,traciallen@yahoo.com,Hockey,133.839.0242x78962,Lake Katieside,IN,41837
766,Tanya,Gomez,jonathan04@gmail.com,Soccer,875.626.6253x1575,Brandonfurt,IL,68050
767,Andrew,Winters,michelle80@hotmail.com,Soccer,536.764.7160,Cindyborough,MI,45551
768,Kevin,Coleman,longbrittney@yahoo.com,Baseball,001-054-446-7108x24145,Port Jennifer,MI,51359
769,Sharon,Knight,daniel06@hotmail.com,Hockey,(383)677-1506x440,Bentonport,NV,60314
770,Denise,Anderson,leonardscott@perez.biz,Baseball,001-130-300-2467x04988,Margaretmouth,MS,43096
771,Richard,Lee,davidalexander@allen-robinson.com,Baseball,(779)598-1744x7096,Jaredland,AZ,73436
772,Maria,Benitez,katelynhardin@yahoo.com,Hockey,(565)167-6801x452,Martinezside,IN,70556
773,Thomas,Dyer,angelicawilliams@lopez.com,Soccer,530.526.0511x5611,New Jenniferfurt,NE,41175
774,Julia,Smith,garrettheather@hotmail.com,Hockey,791.210.4722,West Johnchester,NH,43758
775,Connie,Tran,shawndiaz@gmail.com,Baseball,5975654078,Robertville,WI,86250
776,Ann,Thompson,vgarcia@dominguez.com,Tennis,+1-410-062-7573x5664,Lake Elaineberg,PA,60364
777,Sarah,Obrien,catherine70@yahoo.com,Soccer,758-439-2374x93945,East Aaronstad,WY,45826
778,Christopher,Wilson,darlenemartin@smith-ingram.com,Tennis,(644)189-3764,Alvaradoberg,CA,19830
779,Robin,Williams,thoward@riddle-west.net,Hockey,9051462565,Lake Michealside,WY,49643
780,Debra,Vincent,theodoredoyle@adams.com,Hockey,(509)555-8042x1978,New Charlesfort,UT,89265
781,Steven,Charles,jonathanhill@erickson.com,Baseball,6779383903,Shannonmouth,MS,12406
782,Courtney,Flores,ivalencia@hotmail.com,Hockey,001-395-494-1693x70262,Port Laura,CO,13841
783,Brett,Sanchez,amy17@hotmail.com,Hockey,0690696056,Port Joshua,IN,03563
784,Kathleen,House,stevenleon@roberts-fry.net,Hockey,586-575-7309,Espinozaton,DE,18096
785,Erin,Harper,meganroberts@carr-myers.com,Hockey,(233)373-3158,Lake William,WA,84037
786,Joshua,Thompson,lozanodavid@mckenzie.info,Soccer,001-773-874-9625x84958,Morrisfort,IN,67888
787,Cody,Benton,qmontes@higgins-gonzalez.net,Baseball,(092)514-2968x6608,Goodmanburgh,MN,42616
788,Michael,Riddle,tammy06@price-gallegos.com,Hockey,(858)360-4443,Lake Thomas,KY,07577
789,Nancy,Murray,smithrobert@tucker.net,Tennis,7022538853,Curtisville,NY,01494
790,Wendy,Lyons,jeremyayala@rodriguez.net,Hockey,239-201-5582,West Kristen,IA,12037
791,Timothy,Taylor,wanderson@gmail.com,Soccer,(867)708-8658x49868,Lake Richardborough,ND,52281
792,James,Collins,randall53@yahoo.com,Baseball,129-176-4310,East Justinfurt,KS,57772
793,Harold,Williams,timothy35@robinson-lewis.com,Tennis,(301)793-3640,Michaelfort,AL,78082
794,Justin,Hernandez,vjohnson@leonard.com,Hockey,(363)127-1496,Port Leslie,OH,16722
795,Jeffrey,Knight,nbriggs@gmail.com,Hockey,(930)231-0192x12181,Joseland,ND,33680
796,Lisa,Stone,kendra85@reyes-valdez.biz,Baseball,001-852-431-5423x4946,Estradaport,OK,28047
797,Natalie,Lambert,brandywalker@brown.com,Soccer,700-683-5956,Brownview,MO,44430
798,Kyle,Oconnor,ulewis@yahoo.com,Basketball,7530557385,Jennashire,NM,59344
799,Eugene,Davidson,johnholmes@yahoo.com,Hockey,+1-926-810-7928,Richardchester,ND,15227
800,Ashley,Baker,chendiane@gmail.com,Soccer,+1-284-547-9249,Hillburgh,MS,30919
801,Lauren,Wall,wfletcher@hotmail.com,Soccer,716.630.9450,North Christopher,WA,14060
802,Vanessa,Johnson,xrivera@gmail.com,Baseball,725-930-1824,East Michael,SD,84170
803,Jane,Blake,henrymichelle@vasquez.info,Hockey,445.186.9028x473,South Amy,FL,45195
804,John,Davis,daniel09@gomez.com,Hockey,(332)185-2771,Molinamouth,ID,58122
805,Victor,Hodges,dickersonsabrina@yahoo.com,Basketball,136.501.7006x851,North Bobbyville,NV,04567
806,Yolanda,Gonzalez,ncarpenter@martinez.org,Soccer,(850)559-1458x885,Murrayburgh,SD,79661
807,Terrance,Lopez,ulopez@hess.com,Hockey,154-755-0669,West Anna,RI,86425
808,Bruce,Walker,melissa03@yahoo.com,Tennis,758-483-4824x3700,North Amandabury,MA,11737
809,Alex,Hatfield,michaelrodriguez@hotmail.com,Soccer,+1-107-752-8943,Wagnerside,LA,15871
810,Paula,Hancock,carriewalker@bates.com,Baseball,412.016.8325x6124,Penningtonbury,NJ,31400
811,Amanda,Jones,gregory23@gmail.com,Tennis,693-570-4396,North Jessicaland,IA,56974
812,Melvin,Sosa,kgray@gmail.com,Basketball,962.057.4449x07902,Lake Steven,VT,14587
813,Tanner,Barron,yrivera@hotmail.com,Soccer,679-898-9762,Johnton,VA,41155
814,Thomas,Castro,kaitlyn59@moore.org,Soccer,457-063-3293x866,Garciaburgh,OK,19728
815,Jennifer,Campbell,stephaniecaldwell@hotmail.com,Tennis,(406)701-1579x97748,North Michaelport,VA,53414
816,Kenneth,Horton,farmerstephanie@yahoo.com,Baseball,075-748-3218x023,North Micheal,WI,00585
817,Lee,Perez,jvasquez@mack-ellis.com,Baseball,7888881672,Carpenterberg,SD,24479
818,James,Mckenzie,tonyaellis@hotmail.com,Tennis,001-404-436-8858x2469,New Paul,IL,50198
819,James,Ward,melissali@hotmail.com,Hockey,001-792-660-9713x1298,Dillonbury,WI,72046
820,Krista,Cook,pmartinez@yahoo.com,Soccer,(839)352-5250x344,Sandrashire,PA,73736
821,Barbara,Parrish,dorothy67@griffin.com,Soccer,(328)595-3836x161,East Sarabury,NH,18076
822,Nicholas,Anderson,johnsmith@jackson.com,Soccer,174-504-7481,Perryville,WI,52370
823,Susan,Davis,williamschelsea@gmail.com,Soccer,9902950065,Fletcherville,TX,93699
824,Brittany,Richardson,stokeslauren@sanders-tucker.com,Basketball,001-189-212-8149,Mcneilchester,MA,84871
825,Charles,Murray,leonandrea@gmail.com,Basketball,001-858-351-7941,Troymouth,SD,24366
826,Katie,Carroll,mmorales@hotmail.com,Basketball,+1-453-956-1191x99739,Tuckerfort,NH,29599
827,Nicole,Turner,mhernandez@ray.com,Baseball,(842)041-1758x589,Port Nicholas,MI,51533
828,Danny,Rollins,clayshannon@hotmail.com,Baseball,001-016-566-8856x03038,Savagebury,NC,69520
829,Jermaine,Robles,marksuarez@ortiz.com,Soccer,612.713.5587,Mendozafurt,NJ,15733
830,Steven,Copeland,opark@pierce.net,Basketball,747.040.4940,Lake Tiffany,KY,51090
831,Matthew,Mays,bvega@bridges.com,Baseball,232.232.0575,Jamesstad,DE,82921
832,William,Jenkins,marknorman@hill.com,Basketball,5164566746,Jeremybury,UT,62689
833,Eric,Carr,walter43@marshall-ramirez.com,Basketball,+1-821-403-3667x7989,Emilytown,NV,67512
834,Michelle,Morgan,xreeves@johnson.com,Baseball,+1-795-894-2667,Port Susan,ND,82666
835,Matthew,Moody,vernon58@yahoo.com,Tennis,(339)577-6821x63590,Robertville,WI,31044
836,Jessica,Singh,knightjason@henderson.com,Soccer,695.510.1130,Rodriguezfurt,CT,57227
837,Ronald,Lewis,ldorsey@gmail.com,Tennis,567.266.5412,Bryantown,PA,88718
838,Garrett,Lopez,mstevenson@gmail.com,Basketball,151.000.7296x040,South Erinmouth,NE,76923
839,Eric,Key,longstacey@hotmail.com,Soccer,715-605-1967,Cantufort,KS,42476
840,John,Barron,rebecca03@rhodes-sawyer.com,Baseball,992-127-9807x0397,Port Melissafort,WY,44492
841,Lisa,Erickson,jacobevans@hotmail.com,Basketball,9728559003,North Jonathanburgh,WI,18256
842,Andrew,Mckenzie,hillraymond@gmail.com,Baseball,(183)124-5053x4231,New Christopherstad,MN,47848
843,Johnny,Hamilton,dcase@gmail.com,Baseball,+1-066-691-0515,Birdhaven,CO,88006
844,Debbie,Levy,jessica57@gmail.com,Hockey,661-521-9287,New Shawnbury,RI,61526
845,Jamie,Moore,urodriguez@yahoo.com,Baseball,466-005-0964x47061,Denisemouth,RI,18303
846,Stephen,Lopez,salazarrandy@hotmail.com,Baseball,+1-468-040-4378x11181,Matthewport,WY,23957
847,Mary,Ford,amber05@yahoo.com,Hockey,001-289-083-4242,Lake Jeffery,HI,71797
848,Benjamin,Smith,shaffercrystal@yahoo.com,Tennis,+1-807-821-2590,South Stacy,NC,92580
849,Darrell,Griffin,cruzcourtney@howard-bond.com,Hockey,(048)310-8160x8384,East Johnathan,MT,82511
850,Joseph,Gonzalez,cliffordkelly@stanley-stanley.com,Basketball,001-032-840-8185x564,Lake Christophertown,LA,06496
851,Andrew,Chen,boyleamy@yahoo.com,Hockey,677-008-1855x78350,Norrisstad,VT,95066
852,John,Mccullough,maryjones@hotmail.com,Basketball,106-027-9484x449,Dianeshire,VT,88816
853,William,Mckay,jeffrey81@wilson-leonard.com,Soccer,001-284-422-1139x83259,Jordanport,VA,08765
854,Jonathan,Jones,gaineskatelyn@hotmail.com,Baseball,(146)419-6868x3198,Alvarezport,SD,70803
855,Kathleen,Bauer,ashley81@jimenez.com,Baseball,+1-453-808-2332,New Craigside,DC,19375
856,Matthew,Pena,aaron80@morgan.com,Tennis,001-811-579-2989x4536,Victoriatown,NE,82273
857,Maurice,Lowe,nicholsonjoe@yahoo.com,Basketball,+1-775-624-4524x16438,Brownshire,AK,48230
858,Stacy,Howard,roberto20@donaldson.info,Baseball,(702)065-6100x47013,Lake Sheryl,SC,24501
859,Jason,Medina,phillipsmolly@yahoo.com,Basketball,548.127.9692,Meredithside,WA,18427
860,Lori,Perez,armstrongseth@kane.biz,Hockey,705.111.4484x306,North Aaronchester,OH,29241
861,Jamie,Jimenez,allen83@martinez-erickson.biz,Basketball,040.009.4863x03572,South Edwinview,AR,85213
862,Keith,Adams,smithangel@cook.com,Baseball,680-215-5649,Jamesshire,AZ,18199
863,Danielle,Pitts,njohnson@jones.info,Hockey,128-460-0093x15762,Port Theresaton,LA,80269
864,David,Doyle,connor69@castillo.com,Basketball,116-193-3059x6312,East Eric,OR,64893
865,Jacob,Stark,sarahsmith@gmail.com,Hockey,007-272-1440,Lake Jean,DE,68770
866,Sean,Sullivan,seth41@anderson.biz,Basketball,001-910-943-5030x658,Lake Laurieside,HI,22035
867,Jennifer,Vance,louisbright@hotmail.com,Tennis,(197)074-4552x74685,Johnborough,CO,44695
868,Paul,Johnson,richelizabeth@hotmail.com,Soccer,+1-614-555-1749x33878,East Rebeccaport,OK,90368
869,Natalie,Rich,peterjimenez@hotmail.com,Basketball,(841)717-3695x03789,New Craigtown,WI,18512
870,Amy,Jackson,martinjennifer@yahoo.com,Soccer,2103163504,Christinaberg,MI,54211
871,Thomas,Wright,evelynmacias@hotmail.com,Hockey,+1-886-699-0340x606,South Michaelside,TN,26678
872,Kimberly,Smith,fordkenneth@bryant-fuller.biz,Soccer,001-091-777-9520x75264,South Matthewbury,WY,46837
873,Timothy,Aguirre,amanda20@yahoo.com,Soccer,8370149886,West Andrew,LA,52554
874,Wayne,Smith,bblack@grimes.net,Hockey,7005997699,Brianburgh,WV,68342
875,Debra,Gallagher,vwatson@gmail.com,Tennis,642.993.0341,Moyerhaven,PA,91720
876,Martha,Terrell,xgardner@gmail.com,Basketball,142.654.4831,North Kara,FL,32002
877,Margaret,Green,fbutler@hotmail.com,Hockey,798.147.9860,Kaylafort,LA,01001
878,David,Tran,gabriel54@yahoo.com,Basketball,173.791.1961x8265,West Veronicatown,UT,75630
879,Andrea,Harper,johnsonjonathan@gmail.com,Baseball,804.151.0759,South Andrew,MO,48815
880,Ann,Larson,pkelly@yahoo.com,Hockey,379-899-5457,New Christineshire,IL,35519
881,Whitney,Olsen,josephjones@gmail.com,Soccer,(918)345-7413,Lauraport,CT,16860
882,Belinda,Smith,brandi47@rubio-morgan.com,Soccer,001-833-300-0958x654,Marciaport,OK,75281
883,Pamela,Phelps,fmcmahon@sanford.com,Baseball,7262562741,Lake Michael,AK,92356
884,Edward,Wise,valerie21@hotmail.com,Hockey,7719307206,Josephburgh,NM,14079
885,Brittany,Baker,morachristopher@hotmail.com,Tennis,465-323-6776,Wintersside,VT,73232
886,Brandon,Townsend,gbanks@yahoo.com,Soccer,001-545-031-8871x935,Joshuamouth,CO,84061
887,Judy,Thompson,aliciagilbert@yahoo.com,Basketball,001-906-897-8051x1532,Port Travisburgh,TN,91561
888,Christopher,Thompson,hammondjohn@yahoo.com,Baseball,001-599-682-9681x38197,Bellton,TX,78516
889,Joshua,Sanchez,millercynthia@gmail.com,Hockey,001-917-643-9919x33070,New Bradleyview,MA,58222
890,William,Arnold,pricevickie@bowen.com,Soccer,963-433-0889,Kathrynton,WI,81810
891,Theresa,Byrd,johnsonronald@yahoo.com,Baseball,(342)316-6146,New Trevorside,MS,37314
892,Randy,Molina,hgardner@perez.com,Basketball,(833)823-0689,Port Kyle,NY,86546
893,Rachel,Lee,davidsonkenneth@gmail.com,Basketball,180.514.8514x36932,Rodriguezview,TX,80266
894,Laura,Carlson,brad55@hotmail.com,Soccer,001-334-023-9196x903,North Seanburgh,RI,73494
895,Andrea,Myers,gpeters@thomas.com,Tennis,001-509-705-5672x0918,Rachelfort,OK,40398
896,Michael,Moore,joshuawhite@gmail.com,Baseball,(476)835-9639x99549,Aliciahaven,TX,78184
897,Samantha,Jackson,katherine41@johns.net,Tennis,513-483-3351x9062,Mariechester,UT,17642
898,Dustin,Williams,yrowe@rodriguez-dixon.info,Baseball,+1-323-572-4262x58931,West Sarahton,ND,38089
899,Chelsea,Kennedy,cunninghamrhonda@rivers-allison.com,Tennis,624-109-4601x00550,South Miranda,MI,32539
900,Colin,Washington,andrew66@mays.net,Tennis,(252)006-3036,Michealburgh,TN,56123
901,Kyle,Robles,kwhite@gmail.com,Basketball,837-220-9427,Hansenfurt,FL,23424
902,James,Velasquez,alyssa18@nelson.com,Basketball,(805)375-2211,Moralesburgh,AK,60607
903,Carolyn,Leonard,amber68@hotmail.com,Baseball,7486001485,East Phillipview,AZ,43591
904,Marco,Chen,amber68@hotmail.com,Tennis,+1-558-793-3210,Terranceburgh,RI,88637
905,Valerie,Anderson,hollandjames@white.com,Basketball,+1-029-893-6498,Dillonmouth,MT,94099
906,Jennifer,Henderson,warrenheather@yahoo.com,Basketball,812.330.6792,Loriview,OR,24363
907,Elizabeth,Bernard,lmitchell@brown.org,Baseball,782.279.2545x093,Gutierrezfort,AR,16148
908,Lisa,Wilson,darlene19@hotmail.com,Tennis,001-187-726-0971x09189,Port Gailton,SC,39818
909,Amanda,Brown,jessicacrawford@mcdaniel.com,Basketball,001-262-128-8898x146,Darrylmouth,NH,79677
910,Shaun,Thomas,bartlettashley@gmail.com,Hockey,+1-669-723-8372x95888,North Danielville,NV,62159
911,Jeremy,George,dominique27@gmail.com,Soccer,978.851.7067x2079,Carterborough,AR,97279
912,Ashley,Wilson,joseph59@gmail.com,Baseball,675.997.8428x129,Robersonfort,NV,93234
913,Thomas,Taylor,chadhenson@yahoo.com,Hockey,9905843565,East Steventon,NJ,24702
914,Corey,Blake,brownnancy@yahoo.com,Tennis,337.071.0063,South Nancy,AR,63763
915,Samantha,Grant,mcconnellpatricia@hebert-anderson.com,Soccer,(468)449-7869x9166,Port Bethanymouth,FL,82822
916,Deborah,Thompson,alexis99@gmail.com,Hockey,7534215093,New Shelbyfort,IN,38955
917,Carla,Walker,robert96@hotmail.com,Basketball,+1-448-601-4666x5222,Gloriaborough,OH,61742
918,Matthew,Morris,bporter@gmail.com,Soccer,(877)950-8081x41985,Lake Brittany,IN,87933
919,Samantha,White,kenneth07@hotmail.com,Soccer,833-613-4299,Port Lindsey,UT,68179
920,Ana,Hernandez,brandonbaker@hotmail.com,Baseball,+1-606-036-3864x226,West Karen,AL,99930
921,Christopher,Underwood,anthonylewis@yahoo.com,Soccer,001-833-230-8851x1025,Jillianside,CO,56273
922,Patricia,Ibarra,jrussell@gmail.com,Hockey,721.753.5747x006,Porterland,OH,87686
923,Kristin,Ibarra,rodneysmith@white-berry.com,Hockey,232.306.9392x5371,East Christinemouth,WV,26116
924,Blake,Edwards,chadmorton@hotmail.com,Tennis,(387)214-1167,Smithmouth,ID,02816
925,Stephanie,Wells,vcalderon@gmail.com,Soccer,(999)060-1001x1501,North Darrentown,AL,68357
926,Mario,Jones,johnortiz@griffith.biz,Soccer,148-745-4405x9675,West Robertmouth,IN,16240
927,Sandra,Lyons,joshuapennington@hotmail.com,Baseball,001-623-034-3289x404,New Wayneport,VA,03580
928,Angela,Randolph,grantmark@pham.com,Basketball,(720)132-1338x09422,North Matthewfurt,MT,24567
929,Nicole,Anderson,stevenhall@johnson.biz,Soccer,775.128.2215x0734,North Jasmine,VT,64528
930,Manuel,Hall,yhodges@yahoo.com,Soccer,663-749-1139x65949,New Christian,MT,54184
931,David,Daugherty,christinegonzalez@davis.com,Soccer,723-942-7713,Tracistad,LA,83148
932,Russell,Maldonado,emily82@hotmail.com,Basketball,361.396.1696,Moralesville,UT,14498
933,Jason,Castillo,anthony74@ward.com,Baseball,099-960-1902,North Crystal,ID,21281
934,Melanie,Miranda,ckelley@yahoo.com,Tennis,001-658-618-5745x14694,Kimberlyport,NH,07426
935,Jennifer,Gay,kristingreen@yahoo.com,Basketball,001-983-771-8688x15877,Lake Ian,PA,20383
936,Rebecca,Bradley,donna38@cooley.biz,Basketball,001-167-507-4515x215,Bradyville,MI,40924
937,Jeremy,Smith,allenchad@leonard-weber.com,Baseball,433.878.9921x999,North Kristina,VT,33807
938,Elizabeth,Peterson,christophermoore@yahoo.com,Hockey,001-105-824-3405x7324,Port Eric,TN,12798
939,Jo,Saunders,jameswilson@cherry.com,Hockey,+1-925-150-7673x890,Bradleyfurt,KS,20556
940,Cathy,Young,matthewjames@hotmail.com,Basketball,809-199-6588x2704,Jessicaton,MO,56038
941,Tristan,Simmons,james75@maldonado-peterson.com,Hockey,512-729-8972x1227,South Wendy,IA,83403
942,Martin,Watts,martinezalyssa@ayers.com,Baseball,1087238315,Port Jeffrey,MS,31694
943,Cassandra,Johnson,michaelwelch@campbell.org,Basketball,(646)987-1960,Johnbury,TN,80745
944,Anthony,Carpenter,apope@macdonald.org,Tennis,032.862.9566x390,Adamhaven,MA,47745
945,Maria,Anderson,kellyhobbs@gmail.com,Tennis,429-042-4948x394,West Michelle,MS,25256
946,Lauren,Porter,aharris@gmail.com,Baseball,264-686-3294x613,Chavezland,CT,40091
947,William,Norris,rwilson@hotmail.com,Tennis,+1-554-857-6249x5805,South Dianeview,NJ,26482
948,Rebecca,Shah,elijahstevens@schultz.com,Hockey,862.839.5037,North Taylor,MO,33863
949,Johnny,Daniel,markparker@kane-palmer.com,Hockey,354.798.6103x8868,Lake Brooke,CA,75687
950,Jamie,Herman,jameshays@benitez-lopez.com,Baseball,+1-070-517-1786,Stevensmouth,SC,52034
951,Jennifer,Sutton,april09@gmail.com,Basketball,8400943242,Carpenterborough,MS,73488
952,Scott,Tate,melissarichardson@yahoo.com,Baseball,001-008-223-4402x6630,Alexanderland,MT,64459
953,Michael,Golden,tinathornton@barker-graham.com,Tennis,+1-049-583-3080x1802,Michellechester,VT,16527
954,Justin,May,edwardswillie@rose.com,Soccer,(004)091-8852x985,South James,CO,39679
955,Michele,Coleman,melissascott@gmail.com,Baseball,+1-384-259-6422x1223,Blackport,AK,45319
956,William,Fernandez,campbellkenneth@yahoo.com,Hockey,(879)749-2889x7017,Tannerville,MO,90039
957,Leslie,Reyes,cooperpaul@yahoo.com,Tennis,446-800-8161x0968,New Jasmine,NJ,53483
958,Valerie,Flores,codymartinez@peterson.com,Basketball,(819)642-3555x022,Gutierrezton,WI,01104
959,Carolyn,Atkins,kevin29@jones.com,Baseball,8738231522,New Adrienneville,RI,79121
960,Sarah,Lopez,marissa45@burnett-morris.biz,Basketball,001-714-530-3975x5465,New Matthewfurt,HI,34202
961,Jeffrey,Burns,michaelreed@hotmail.com,Basketball,329.013.2306,Wardshire,NH,66175
962,Nancy,Dillon,troy09@hotmail.com,Baseball,303-971-0585x50286,South Angela,TX,18128
963,Aaron,Johnston,karabranch@floyd-gray.com,Soccer,438-821-2407,New Alexmouth,IA,39604
964,Christopher,Gray,russellhowell@yahoo.com,Tennis,207.398.2830,Wilkersonview,FL,59513
965,Mario,Garcia,rogeredwards@hotmail.com,Soccer,(423)009-9033x931,Smithmouth,VA,22015
966,Julia,Snyder,randallthompson@berg.com,Basketball,(893)671-6504x54326,Lake Denisestad,WI,27112
967,Paula,Anthony,richard60@moore.biz,Baseball,+1-294-519-6143x323,Lake Nicolefort,IN,22606
968,Evan,Thomas,kim85@davis-owens.com,Tennis,2356997460,West Chris,AZ,65587
969,Richard,Smith,ortizkelsey@thomas.biz,Hockey,3521365456,Kimberlyshire,NE,92825
970,Carrie,Sullivan,nathanmcintosh@hill.net,Basketball,161-754-2729x6929,East Adam,MO,53749
971,Amanda,Pacheco,johnguerra@hotmail.com,Baseball,(764)373-8532,Butlerhaven,AZ,43877
972,Deanna,Johnson,khoffman@gentry.biz,Basketball,+1-387-888-2239x95141,Danielton,CT,77645
973,Juan,Jensen,derekking@murphy-mason.biz,Tennis,001-496-758-7258x1066,East Catherine,NH,04770
974,Thomas,Vasquez,jody44@jennings.com,Baseball,+1-296-686-2958x43300,Robertland,KS,04360
975,Mike,Johnson,kevin01@hotmail.com,Soccer,(465)051-8629x45646,Port Kristi,WV,05183
976,Cheryl,West,thomas06@yahoo.com,Basketball,543-168-9852x32953,Josephborough,KY,47614
977,Christine,Briggs,lindsaywilson@williams.com,Hockey,(519)220-6973x657,New Ericshire,ME,04544
978,Leslie,Pruitt,richardnguyen@hotmail.com,Baseball,0680180484,South David,ME,32788
979,Shelly,Jensen,ygriffith@yahoo.com,Soccer,+1-836-635-4313x609,Thorntonfurt,TN,52734
980,Deborah,Keller,lcummings@hotmail.com,Hockey,514.321.9224x2401,Port Lindsey,ID,34996
981,Kenneth,Woods,fbrock@gmail.com,Baseball,001-680-524-9064x370,Kelseychester,IA,19531
982,Crystal,Arnold,jasonsmith@hotmail.com,Baseball,+1-602-780-2280x29088,Hillbury,ME,02177
983,Sonia,Lucas,obaker@hotmail.com,Tennis,827.582.4745,Port Johnville,TN,90799
984,Alex,Phillips,gonzaleztamara@kelley.com,Basketball,(520)298-6784x7940,Hernandezborough,CO,15826
985,Matthew,Burgess,vgibbs@yahoo.com,Hockey,+1-578-545-3194,Port Sarahside,AR,59534
986,Ethan,Yoder,amber97@leblanc.org,Soccer,263-349-7915x15053,Lake Hannahville,ID,82152
987,Alexander,Harrison,gbell@flores-kennedy.com,Basketball,4579286380,North Kimberlyland,ND,14193
988,Kristy,Beck,uavery@romero-robinson.com,Hockey,001-858-978-0471x36222,Port Dawnton,FL,11287
989,Nathaniel,Hoffman,thomas66@yahoo.com,Soccer,694.605.8234x289,Tammyview,IN,97222
990,Brian,Brown,bennettjeffrey@hotmail.com,Basketball,734.601.7748,Martinton,MO,30469
991,Brian,Baker,brandonruiz@yahoo.com,Hockey,+1-413-185-0230,Katrinahaven,MT,13776
992,Jessica,Lowe,eperry@johnson.net,Baseball,(174)338-4358,Trevorburgh,ND,60373
993,James,Booth,osoto@yahoo.com,Hockey,001-688-963-8060,Christinachester,NM,65805
994,Mark,Reyes,santostyler@jacobson.com,Baseball,(793)549-9349,Kimberlyborough,SC,82504
995,Stanley,Cortez,brandonavila@james-brooks.org,Hockey,015-459-6232,Heatherberg,VT,82872
996,Robert,Bishop,lambertjessica@wheeler.com,Basketball,001-241-260-8326,Derrickburgh,WV,09711
997,Timothy,Mcdonald,johnowen@yahoo.com,Basketball,9448958518,North Jeffrey,ND,10816
998,Nathan,Parrish,kellyleah@yahoo.com,Basketball,(266)870-8348,Morganbury,NY,41848
999,Christy,Clark,jennifer27@bowers.com,Hockey,4171022140,Lauraland,MD,90034
1000,Patty,Walker,zachary16@gmail.com,Basketball,341.592.6718x8715,East Michaelbury,NM,10474
